"new_relative_path","size_bytes","sha256"
"deliverables/final_experiment_pack/bad_cases/bad_case_table.csv","7668","4e6522131d599d8bf48ac6b40ee8a7ab1c1b1daa668e349384c0e5269c6ba8df"
"deliverables/final_experiment_pack/bad_cases/FPN_AsymBi/FPN_AsymBi_low_iou_irstd1k_XDU965.png","195070","4c7cf66472c997dcc14d5634c1b54eabc936c56793f721e46ef72b564a7ced7b"
"deliverables/final_experiment_pack/bad_cases/FPN_AsymBi/FPN_AsymBi_low_iou_irstd1k_XDU968.png","178088","b595e5f52eeaad47dba13299bf6a62976d1a9cf7e385b3f3bc37d001c7832398"
"deliverables/final_experiment_pack/bad_cases/FPN_AsymBi/FPN_AsymBi_low_iou_irstd1k_XDU990.png","112607","b048a29a980ee1af7ef4e68a9fa68c1f06b711e2044223e7426adb43e6f3121e"
"deliverables/final_experiment_pack/bad_cases/FPN_AsymBi/FPN_AsymBi_low_iou_irstd1k_XDU994.png","182804","0dd6ccf3ce293513ce1c5495c07b7144957e1fb203e009d6eb5a3139a1379361"
"deliverables/final_experiment_pack/bad_cases/FPN_AsymBi/FPN_AsymBi_poor_localization_irstd1k_XDU828.png","93828","07c9a5247b8fed7c15b073f1acf72c77633907783c87ea2043db96df7bc40310"
"deliverables/final_experiment_pack/bad_cases/FPN_AsymBi/FPN_AsymBi_poor_localization_irstd1k_XDU913.png","160919","f1deb4dbdf5d748ff6de04ebc4a022cdd25eeac64a3e5d27d48bdfa58f4bd473"
"deliverables/final_experiment_pack/bad_cases/FPN_AsymBi/FPN_AsymBi_poor_localization_irstd1k_XDU956.png","223830","b35808c73201ad4d254254466a669a9e093f4333791223694b20ec28c101bb69"
"deliverables/final_experiment_pack/bad_cases/FPN_AsymBi/FPN_AsymBi_poor_localization_irstd1k_XDU971.png","143301","dd20e22d65c277de575286738da7b5a0eb22060eda8dee1273f3dc286cd33532"
"deliverables/final_experiment_pack/bad_cases/FPN_AsymBi/FPN_AsymBi_poor_localization_irstd1k_XDU980.png","210157","bc6c2d8c1532e2f0b066b6690127d8ddee87ef36473e8e45ec0fe1ec3c5f61cf"
"deliverables/final_experiment_pack/bad_cases/FPN_AsymBi/FPN_AsymBi_poor_localization_irstd1k_XDU988.png","207049","3fc0c929198e4e013f26e082827ed2f24643ee12858200275580bfd2b42a49aa"
"deliverables/final_experiment_pack/bad_cases/FPN_BiGlobal/FPN_BiGlobal_low_iou_irstd1k_XDU870.png","126945","b3d69d1e56e6a03d130bf1624c5e44648d864e5c146b2dae46ed4f6b211ceab1"
"deliverables/final_experiment_pack/bad_cases/FPN_BiGlobal/FPN_BiGlobal_low_iou_irstd1k_XDU881.png","238444","d4072d89cbc1ee145b3e665938d608c7e6524ffd099a3fe2ff2e9b4d58df239e"
"deliverables/final_experiment_pack/bad_cases/FPN_BiGlobal/FPN_BiGlobal_low_iou_irstd1k_XDU971.png","144330","31bf6791b6b8efbc916ea1bd852a3618972569e720c9d0cd707c8f40ea747ff5"
"deliverables/final_experiment_pack/bad_cases/FPN_BiGlobal/FPN_BiGlobal_poor_localization_irstd1k_XDU828.png","89616","bc147431ef727d7034535ab73d9f5ca18670b453d4c3e2316f6c164a7901dfe0"
"deliverables/final_experiment_pack/bad_cases/FPN_BiGlobal/FPN_BiGlobal_poor_localization_irstd1k_XDU903.png","62877","a2d1f565ae24b22bca3bcb7f51560ad16a0a500156b33881c553cd71ca498bde"
"deliverables/final_experiment_pack/bad_cases/FPN_BiGlobal/FPN_BiGlobal_poor_localization_irstd1k_XDU956.png","225403","c61a8fd87a79393cf627fe03e7ce70751a6498c73baa488a84101b5c1c4eb0b5"
"deliverables/final_experiment_pack/bad_cases/FPN_BiGlobal/FPN_BiGlobal_poor_localization_irstd1k_XDU980.png","208760","ed9e01e6de131580054b642fe300ebe94a1834fa1aaa77b89b993a52f21b6405"
"deliverables/final_experiment_pack/bad_cases/FPN_BiGlobal/FPN_BiGlobal_poor_localization_irstd1k_XDU988.png","207565","cbaa1eb7211c88e9925a9c7877a07f5acf37ab9313a98fe8198c5a9b75256084"
"deliverables/final_experiment_pack/bad_cases/FPN_BiGlobal/FPN_BiGlobal_poor_localization_irstd1k_XDU990.png","111996","ad2bbd28d8139a8a7d99e048d1a979332aef4511b7203ed5377a16187836f9bb"
"deliverables/final_experiment_pack/bad_cases/FPN_BiGlobal/FPN_BiGlobal_poor_localization_irstd1k_XDU994.png","185823","a3bf28e4b4c7ba5992fbdffb1feb52a2ec76699e3c90a33c1aeac1d729ac7c09"
"deliverables/final_experiment_pack/bad_cases/FPN_BiLocal/FPN_BiLocal_low_iou_irstd1k_XDU1000.png","210475","7535a208a704bff946ddc529d4108e9bb016d86bf233dc51405742692888af0a"
"deliverables/final_experiment_pack/bad_cases/FPN_BiLocal/FPN_BiLocal_low_iou_irstd1k_XDU994.png","187012","c83d290ec0bd4e5913284b12d25d37db9a54d8f3b8ff6fce4709522a10ecae0c"
"deliverables/final_experiment_pack/bad_cases/FPN_BiLocal/FPN_BiLocal_missed_detection_nudt_001096.png","132445","e7a3249f4ea0c7bbaf5b98eb64d381e2bc69bc12e07f7220b256b42a6b1d6229"
"deliverables/final_experiment_pack/bad_cases/FPN_BiLocal/FPN_BiLocal_poor_localization_irstd1k_XDU828.png","85141","d6a8a3dc575167e0a469e9dbd31e2901de0ebe90042c029920743c67063db2e7"
"deliverables/final_experiment_pack/bad_cases/FPN_BiLocal/FPN_BiLocal_poor_localization_irstd1k_XDU956.png","223680","f534f01db46332879d8058006714667015b0efb089f459324b05bc693b91f983"
"deliverables/final_experiment_pack/bad_cases/FPN_BiLocal/FPN_BiLocal_poor_localization_irstd1k_XDU965.png","190418","ef02ccf1eb0a5da4ceb1530b41abd879615501635580b6a13594d3807d485bf5"
"deliverables/final_experiment_pack/bad_cases/FPN_BiLocal/FPN_BiLocal_poor_localization_irstd1k_XDU971.png","142232","04f3467393cf50c44e94844876329bf5a1b57a2203a9ed22d084b44284f53d4a"
"deliverables/final_experiment_pack/bad_cases/FPN_BiLocal/FPN_BiLocal_poor_localization_irstd1k_XDU980.png","204340","ac869158bda14f8600c2f9a167fe7163b55cddefe48385878506190717012726"
"deliverables/final_experiment_pack/bad_cases/FPN_BiLocal/FPN_BiLocal_poor_localization_irstd1k_XDU988.png","207863","98ed102a46c74f71406465de454dd49cdbb11ea973c3242fcce008cc4c24f996"
"deliverables/final_experiment_pack/bad_cases/FPN_BiLocal/FPN_BiLocal_poor_localization_irstd1k_XDU990.png","114299","9fecf855fda8bfa1297c10dc928826806c10cee3450a851cf463b488278f398b"
"deliverables/final_experiment_pack/bad_cases/UNet_AsymBi/UNet_AsymBi_low_iou_irstd1k_XDU818.png","113954","a300928a3bacaac05c62ff1d74de6df9f8ceea37b42b71961b38cf64369c054c"
"deliverables/final_experiment_pack/bad_cases/UNet_AsymBi/UNet_AsymBi_low_iou_irstd1k_XDU926.png","51893","72917d28e807bb3ccc0c6b42d297846c7153e6213dcafe81bf02707213bc06d9"
"deliverables/final_experiment_pack/bad_cases/UNet_AsymBi/UNet_AsymBi_low_iou_irstd1k_XDU936.png","54163","bab180dc2307bff0a8d98040c622e67d85ed132c0dc26619e15013ce891b789f"
"deliverables/final_experiment_pack/bad_cases/UNet_AsymBi/UNet_AsymBi_low_iou_irstd1k_XDU956.png","227307","2ff4c99e46cd8ece353caa90b92fd0c2748c61bb34dbc98b1822ca6b9ab8ac62"
"deliverables/final_experiment_pack/bad_cases/UNet_AsymBi/UNet_AsymBi_low_iou_irstd1k_XDU965.png","193152","d7fcbc14f3a9e5008d06874abecb0c775b290616f54bc63f9f53c73f971ff295"
"deliverables/final_experiment_pack/bad_cases/UNet_AsymBi/UNet_AsymBi_low_iou_irstd1k_XDU971.png","144046","697b61628a348e581b03b4bb26c09b8a9aa3399da177fa29133053bda9b4d143"
"deliverables/final_experiment_pack/bad_cases/UNet_AsymBi/UNet_AsymBi_low_iou_irstd1k_XDU994.png","187429","0c7a5eebb3ecfa1499689d5588be0913ac3ea6b1faf61ded2678df167f824155"
"deliverables/final_experiment_pack/bad_cases/UNet_AsymBi/UNet_AsymBi_poor_localization_irstd1k_XDU828.png","86850","5c0b9cdb034577310f65525b0b472c51dace1076df65d9652a60f349ce397049"
"deliverables/final_experiment_pack/bad_cases/UNet_AsymBi/UNet_AsymBi_poor_localization_irstd1k_XDU980.png","208744","5d76c9f6c0b9cec8ae587d3fe7de9b1439822b09a1d3c04a6a102c8877928a49"
"deliverables/final_experiment_pack/bad_cases/UNet_AsymBi/UNet_AsymBi_poor_localization_irstd1k_XDU988.png","211735","3ebfcf63af513d28e9238d1541cd81227090ccb8d07db61d5da4182341db334b"
"deliverables/final_experiment_pack/bad_cases/UNet_BiGlobal/UNet_BiGlobal_low_iou_irstd1k_XDU870.png","127466","ea404b764fc9025cbddfefbdd13709bea93d5bd3804bb829a78fa7b6a54bf30f"
"deliverables/final_experiment_pack/bad_cases/UNet_BiGlobal/UNet_BiGlobal_low_iou_irstd1k_XDU881.png","253763","d04324af812b31c0fa3a034fa1f8759ac07994b922d4de01d94727e2d29051c3"
"deliverables/final_experiment_pack/bad_cases/UNet_BiGlobal/UNet_BiGlobal_low_iou_irstd1k_XDU908.png","124633","081d16922ed6096e2ef234e58a4308d6ad031bc81a4bf97b47c5ae379fa9474d"
"deliverables/final_experiment_pack/bad_cases/UNet_BiGlobal/UNet_BiGlobal_low_iou_irstd1k_XDU926.png","51828","51d1f2db8d5d1b0f638282606b30770ed425997a4630bb1f92d9622a08bba153"
"deliverables/final_experiment_pack/bad_cases/UNet_BiGlobal/UNet_BiGlobal_low_iou_irstd1k_XDU965.png","194586","9f73f4df171e35fe72be14a3592fceddafb2cfed9f14b69679c6247a47e26433"
"deliverables/final_experiment_pack/bad_cases/UNet_BiGlobal/UNet_BiGlobal_low_iou_irstd1k_XDU994.png","186428","1b59e6819530c6b0ff570e5ba90d4f3a4da3b5b151775d50fac5886c1571b89a"
"deliverables/final_experiment_pack/bad_cases/UNet_BiGlobal/UNet_BiGlobal_poor_localization_irstd1k_XDU828.png","92566","0c7ce059d881745fd5930905e4bbc736d17c1f9c8e9bfdada6cfbcf6b3fdb277"
"deliverables/final_experiment_pack/bad_cases/UNet_BiGlobal/UNet_BiGlobal_poor_localization_irstd1k_XDU971.png","141241","58ad99e8b961ef94528ef1d514f3c2bfcadee02967e5015c8a249b35d437a708"
"deliverables/final_experiment_pack/bad_cases/UNet_BiGlobal/UNet_BiGlobal_poor_localization_irstd1k_XDU980.png","209478","b0a6d214d13982d8b5e80ea37775daf4064fc721759ccf5b97e077d3a47f4346"
"deliverables/final_experiment_pack/bad_cases/UNet_BiGlobal/UNet_BiGlobal_poor_localization_irstd1k_XDU988.png","215236","66d687f0245846728075980142fe9a5b0b2ed779276afcdfcfc301974b28f208"
"deliverables/final_experiment_pack/bad_cases/UNet_BiLocal/UNet_BiLocal_low_iou_irstd1k_XDU994.png","187369","870042758f16a731daa0c032fd792cf6ef82c20ff0e9d9471af384e69a4e892c"
"deliverables/final_experiment_pack/bad_cases/UNet_BiLocal/UNet_BiLocal_poor_localization_irstd1k_XDU828.png","84241","f40bed2c6ecf907f573e1df07bf6758963fdc711ff0510fe621d5adac4164faf"
"deliverables/final_experiment_pack/bad_cases/UNet_BiLocal/UNet_BiLocal_poor_localization_irstd1k_XDU858.png","154818","ac021664dbbe384a24f4b92c1626a20af8923725f9eab6e82fbd1acd421c14e1"
"deliverables/final_experiment_pack/bad_cases/UNet_BiLocal/UNet_BiLocal_poor_localization_irstd1k_XDU903.png","61186","58205b41c1c8393945633943e3127c43826d0fa7f73f47b46286416fd0f94600"
"deliverables/final_experiment_pack/bad_cases/UNet_BiLocal/UNet_BiLocal_poor_localization_irstd1k_XDU956.png","223471","392c9abd37eb71e06668dea2daef0d5ae6d249e313af39ae8bb70874fde05cec"
"deliverables/final_experiment_pack/bad_cases/UNet_BiLocal/UNet_BiLocal_poor_localization_irstd1k_XDU971.png","140959","84f8aba17ed6e1ee3a31f544e00a35a9e418fe7336e723a7fccd215ce2c36438"
"deliverables/final_experiment_pack/bad_cases/UNet_BiLocal/UNet_BiLocal_poor_localization_irstd1k_XDU980.png","204136","463a7f7617812f4e6802321a28003d0f180bcc4e9ab62a350db47cc148fc7f76"
"deliverables/final_experiment_pack/bad_cases/UNet_BiLocal/UNet_BiLocal_poor_localization_irstd1k_XDU988.png","207396","a93789af07605766983c13c4b7b95cd7ead5e08dc5d3896122e7da064401ca47"
"deliverables/final_experiment_pack/bad_cases/UNet_BiLocal/UNet_BiLocal_poor_localization_irstd1k_XDU990.png","113217","6462f9b5787ae49fbf642ab745e012f9cfc67143f75e8c916b3ddc65c4104fa8"
"deliverables/final_experiment_pack/bad_cases/UNet_BiLocal/UNet_BiLocal_poor_localization_nudt_001256.png","84554","a90c4fe42bdc19cabe8181aa250891f43f8b201da5040a0ac7ed07eb71d94ffd"
"deliverables/final_experiment_pack/FAILED_ITEMS.md","62","53bd270b236a02ec36337f1107f725978db17764751e3ff689848c290db589b9"
"deliverables/final_experiment_pack/figures/all_available_fa_comparison.png","125394","49bad21387bab0b32fa6a57be091958c01621e7aca2a4b7dd3ea4c2157365581"
"deliverables/final_experiment_pack/figures/all_available_iou_comparison.png","101767","12f3c355e43ddb2621e83cc0e23ad23eeb363690a24cfd030e8399ad92e6125d"
"deliverables/final_experiment_pack/figures/all_available_niou_comparison.png","102462","f88468789dcb6c92ff77fbffab649da145b1e8f1228794ad71f874740fdc494e"
"deliverables/final_experiment_pack/figures/all_available_pd_comparison.png","98831","7abe42445229d18d7a5af3bbdd887e818e37e422cf2474d597544ad9f012e44b"
"deliverables/final_experiment_pack/figures/fusion_comparison_fpn.png","56830","567db711a8079f310e314a0b4bb105daf38a1d02cb021cf52244e5bc9c607408"
"deliverables/final_experiment_pack/figures/fusion_comparison_unet.png","55518","522ca559173c347eb76f2f85d7728e592d2b5b8e1b678619ac85d33d0f88f122"
"deliverables/final_experiment_pack/figures/person1_iou_comparison.png","28156","4baf5dc15216346d62426aaf9a8ace4aad82055d773f66a7c2b93a0e7ef505cc"
"deliverables/final_experiment_pack/figures/person1_niou_comparison.png","29632","ca5deec52788170bd62b69819a394c23b3121ed2dc475b41c40f24acb3d1726a"
"deliverables/final_experiment_pack/gray_surface/case_01_irstd1k_XDU1000_patch.png","757","c3707901b43307f4181b1170c6cb15928d0543609c6307c5ab8e85482cf02e1a"
"deliverables/final_experiment_pack/gray_surface/case_01_irstd1k_XDU1000_surface.png","248133","f8bae9d1d785701e8900c337ff2dbbfacdc77b9cb011273d2b91079a25859f4b"
"deliverables/final_experiment_pack/gray_surface/case_02_irstd1k_XDU801_patch.png","460","5db5ac71db4542c62d3dba46665a72d70ade708495f1988dae306112b1bab4a6"
"deliverables/final_experiment_pack/gray_surface/case_02_irstd1k_XDU801_surface.png","236259","5e01fca4ce13ddb440a30b0228d83f8007d87d1673142c37ce370ebaa9b82d67"
"deliverables/final_experiment_pack/gray_surface/case_03_irstd1k_XDU802_patch.png","758","3ffd241aa885dc14aa5baea31cb4a23ccdd75bc5efa6f2ca1c71d775d17f704f"
"deliverables/final_experiment_pack/gray_surface/case_03_irstd1k_XDU802_surface.png","278518","49075e604d1bd02f3117016ada9f9e02b3dae28a3cc6dbc6b8bba8b42a924a3b"
"deliverables/final_experiment_pack/gray_surface/case_04_irstd1k_XDU803_patch.png","867","74ba2f2c4f19fc88ce8b2f2cc9c9cf31ae5388e5af6df351573b36fdfe8d4fbb"
"deliverables/final_experiment_pack/gray_surface/case_04_irstd1k_XDU803_surface.png","261712","7f10e28f9968f98494c9b9f80b4e242713079f856aacac3016b0bede6ec006fc"
"deliverables/final_experiment_pack/gray_surface/case_05_irstd1k_XDU804_patch.png","860","48d7533fdbf0210b87e59944479cdbd2032909186e71183c31c9b0e9261be055"
"deliverables/final_experiment_pack/gray_surface/case_05_irstd1k_XDU804_surface.png","239942","64dfe89e1530530fcb61f75990a4a84d5c68c1a6a989d8f7c83bb185db2bc06b"
"deliverables/final_experiment_pack/gray_surface/case_06_irstd1k_XDU805_patch.png","392","0024d0a1054fac772558729663f080893224961333bbe4f937136678c77fdc51"
"deliverables/final_experiment_pack/gray_surface/case_06_irstd1k_XDU805_surface.png","201818","eefbc5da4a9b4af9f5a0b8b3e4b8dc9854b558e1b13a5819766a29d21e5cea57"
"deliverables/final_experiment_pack/gray_surface/case_07_irstd1k_XDU806_patch.png","162","248e653808ed9a2226710e9d48c04875d0b8eab1491e43d9ea1555fbae9bc371"
"deliverables/final_experiment_pack/gray_surface/case_07_irstd1k_XDU806_surface.png","242863","33b1d583b5d7e86a4f236def98f2f18b4a2cc63ebc94feb6cf3e5dccf3a6d507"
"deliverables/final_experiment_pack/gray_surface/case_08_irstd1k_XDU807_patch.png","772","50353f609957079ac1ed04c5d88883bc02def560be60e5fbab95ed7eda7af767"
"deliverables/final_experiment_pack/gray_surface/case_08_irstd1k_XDU807_surface.png","238360","44f8788325487c5dc951d3f50cefd3f2a370db9378cdfd574413606edbc73b9c"
"deliverables/final_experiment_pack/gray_surface/case_09_irstd1k_XDU808_patch.png","650","579025f6cc893259ca42907bd39115fc7d3875de4b11064daca92662f7385d22"
"deliverables/final_experiment_pack/gray_surface/case_09_irstd1k_XDU808_surface.png","264172","697bd1e5cdf500eca78cc1017c942b422caebca8b55cd8b0009a17107ae61a25"
"deliverables/final_experiment_pack/gray_surface/case_10_irstd1k_XDU809_patch.png","687","8981aaf8a141696bebc7f78413d6787d0e71c8967c959751594ba7832f96d525"
"deliverables/final_experiment_pack/gray_surface/case_10_irstd1k_XDU809_surface.png","258343","7e6b5a5bdfef131e6503bca3dd0c7614ed54f19b8a99a3874ac357c6fc4f74bf"
"deliverables/final_experiment_pack/INDEX.md","1903","2dcef9536636f728c758deebd8ca53071c6d4a4cb26e265e08bc2c42d13eeea0"
"deliverables/final_experiment_pack/logs/scan_summary.md","644","b5933219b2ab25d58181814a31ff33a75727508eebd904947564b204c82f4c3d"
"deliverables/final_experiment_pack/README.md","2516","bea6e7b357f5f9200092c281d1313b01f96e77d870f140f25bef7dbde3c416e6"
"deliverables/final_experiment_pack/report_snippets/experiment_setup.md","806","3f54f7bfdda5d371c8208df1c990b3f085b354d517f5d50c34f83cd0165ed169"
"deliverables/final_experiment_pack/report_snippets/limitations.md","754","d507725194db320bcf48172f8e4ab56dde4494c88db3758750dbdf2b488c6dbe"
"deliverables/final_experiment_pack/report_snippets/metric_definitions.md","578","e4374d2d5c96826de415e1c86fedf7eade1fba9ece3eb2f03c9ac38e8614a933"
"deliverables/final_experiment_pack/report_snippets/results_analysis_all_available.md","2079","72d3df945a5f3c9a3d5c2ff8778542859fa3b6bf399812c1a8612684c9811347"
"deliverables/final_experiment_pack/report_snippets/results_analysis_person1.md","743","33480940adce231187b3ea74685d5252728a06987c308a6b5c6c7b6df6dd55e3"
"deliverables/final_experiment_pack/selected_examples/bad_cases/FPN_AsymBi/FPN_AsymBi_low_iou_irstd1k_XDU965.png","195070","4c7cf66472c997dcc14d5634c1b54eabc936c56793f721e46ef72b564a7ced7b"
"deliverables/final_experiment_pack/selected_examples/bad_cases/FPN_AsymBi/FPN_AsymBi_low_iou_irstd1k_XDU968.png","178088","b595e5f52eeaad47dba13299bf6a62976d1a9cf7e385b3f3bc37d001c7832398"
"deliverables/final_experiment_pack/selected_examples/bad_cases/FPN_BiGlobal/FPN_BiGlobal_low_iou_irstd1k_XDU870.png","126945","b3d69d1e56e6a03d130bf1624c5e44648d864e5c146b2dae46ed4f6b211ceab1"
"deliverables/final_experiment_pack/selected_examples/bad_cases/FPN_BiLocal/FPN_BiLocal_low_iou_irstd1k_XDU1000.png","210475","7535a208a704bff946ddc529d4108e9bb016d86bf233dc51405742692888af0a"
"deliverables/final_experiment_pack/selected_examples/bad_cases/FPN_BiLocal/FPN_BiLocal_low_iou_irstd1k_XDU994.png","187012","c83d290ec0bd4e5913284b12d25d37db9a54d8f3b8ff6fce4709522a10ecae0c"
"deliverables/final_experiment_pack/selected_examples/bad_cases/UNet_AsymBi/UNet_AsymBi_low_iou_irstd1k_XDU818.png","113954","a300928a3bacaac05c62ff1d74de6df9f8ceea37b42b71961b38cf64369c054c"
"deliverables/final_experiment_pack/selected_examples/bad_cases/UNet_BiGlobal/UNet_BiGlobal_low_iou_irstd1k_XDU870.png","127466","ea404b764fc9025cbddfefbdd13709bea93d5bd3804bb829a78fa7b6a54bf30f"
"deliverables/final_experiment_pack/selected_examples/bad_cases/UNet_BiLocal/UNet_BiLocal_low_iou_irstd1k_XDU994.png","187369","870042758f16a731daa0c032fd792cf6ef82c20ff0e9d9471af384e69a4e892c"
"deliverables/final_experiment_pack/selected_examples/gray_surface/case_01_irstd1k_XDU1000_surface.png","248133","f8bae9d1d785701e8900c337ff2dbbfacdc77b9cb011273d2b91079a25859f4b"
"deliverables/final_experiment_pack/selected_examples/gray_surface/case_02_irstd1k_XDU801_surface.png","236259","5e01fca4ce13ddb440a30b0228d83f8007d87d1673142c37ce370ebaa9b82d67"
"deliverables/final_experiment_pack/selected_examples/gray_surface/case_03_irstd1k_XDU802_surface.png","278518","49075e604d1bd02f3117016ada9f9e02b3dae28a3cc6dbc6b8bba8b42a924a3b"
"deliverables/final_experiment_pack/selected_examples/visualizations/FPN_AsymBi/FPN_AsymBi_irstd1k_XDU1000_triplet.png","202837","4d3d5f317abc53fbdcfb3957847ad7f794f70ec75653aa7d0a8bb32a728570cb"
"deliverables/final_experiment_pack/selected_examples/visualizations/FPN_AsymBi/FPN_AsymBi_irstd1k_XDU801_triplet.png","165675","64e47dc3b739e85c707e0ce127f2f8d5e749a6102c13a28c8f9659c4bc8c7a06"
"deliverables/final_experiment_pack/selected_examples/visualizations/FPN_AsymBi/FPN_AsymBi_irstd1k_XDU802_triplet.png","192322","50ea424eb1d3f81ee64d34409dbb1e841d67a28497ef52cdad460dcd12cca959"
"deliverables/final_experiment_pack/selected_examples/visualizations/FPN_BiGlobal/FPN_BiGlobal_irstd1k_XDU1000_triplet.png","203626","51a12aea37b6cf6e62aa059d340cafe78939726ba1e1717d19282696338e7bc4"
"deliverables/final_experiment_pack/selected_examples/visualizations/FPN_BiGlobal/FPN_BiGlobal_irstd1k_XDU801_triplet.png","166047","13ae8cc12ed17eed97fa43a5a8063839f548dd7f62d8f01268a04320755dac18"
"deliverables/final_experiment_pack/selected_examples/visualizations/FPN_BiLocal/FPN_BiLocal_irstd1k_XDU1000_triplet.png","211067","d10aad546979ad91e02353d36c7cb2e93e3704d8e51db0b746684db4820cb8dd"
"deliverables/final_experiment_pack/selected_examples/visualizations/FPN_BiLocal/FPN_BiLocal_irstd1k_XDU801_triplet.png","167661","a3e0c7798fff30ea582153d5ba609771c8d52e593df0dd553234ec69099885b4"
"deliverables/final_experiment_pack/selected_examples/visualizations/FPN_BiLocal/FPN_BiLocal_irstd1k_XDU802_triplet.png","192787","b33725ee05a1407e17dc533be5959f5e9866a405a9b16672956a17318176f20b"
"deliverables/final_experiment_pack/selected_examples/visualizations/UNet_AsymBi/UNet_AsymBi_irstd1k_XDU1000_triplet.png","204621","69d281e5122b8c7ca338fa0aaf18af056bc032162678173b1ad9c7d0760f9100"
"deliverables/final_experiment_pack/selected_examples/visualizations/UNet_AsymBi/UNet_AsymBi_irstd1k_XDU801_triplet.png","168310","62cecf8ae6f922c8ae986840c4c10ed6ab0b4bd52c7f917532df9499df3d480e"
"deliverables/final_experiment_pack/selected_examples/visualizations/UNet_BiGlobal/UNet_BiGlobal_irstd1k_XDU1000_triplet.png","203173","068343848567ed253d6f08a71b4c0cb619aaa3116eda8c408da463d6632b79ec"
"deliverables/final_experiment_pack/selected_examples/visualizations/UNet_BiGlobal/UNet_BiGlobal_irstd1k_XDU801_triplet.png","166411","9b05037e0313cf79e069523a9818a40a64cf0d668b05df6b3a33c3f6ee0ae7a4"
"deliverables/final_experiment_pack/selected_examples/visualizations/UNet_BiLocal/UNet_BiLocal_irstd1k_XDU1000_triplet.png","208687","04eeb1321d3e378a656546e98487a28a81eac122efc9bb725ef77e11c9da17d6"
"deliverables/final_experiment_pack/selected_examples/visualizations/UNet_BiLocal/UNet_BiLocal_irstd1k_XDU801_triplet.png","165957","3a5a42f9e28c94ba4a45a1a6179b3c821d7fd100e09c11eec07240fcff41b262"
"deliverables/final_experiment_pack/tables/backbone_fusion_ablation.csv","889","776c212454c02862a61281faba3d9e0b6fb80cdf21fa0a01cab8b7c9cf733e3f"
"deliverables/final_experiment_pack/tables/final_metrics_all_available.csv","2417","c44f398fe3d772991e873bf908e873c4a64ccff7aaa64a76b79d1b56e95ac7a7"
"deliverables/final_experiment_pack/tables/final_metrics_person1.csv","891","a70db4e68cef79ab4ccccdb6b873098dbffb55981bc8047490d7873adf22ad47"
"deliverables/final_experiment_pack/tables/unavailable_experiments_note.csv","791","bab32100bc220452513fe8d5861bcb616de65868931c02300e1f42de2df3f135"
"deliverables/final_experiment_pack/visualizations/FPN_AsymBi/FPN_AsymBi_irstd1k_XDU1000_triplet.png","202837","4d3d5f317abc53fbdcfb3957847ad7f794f70ec75653aa7d0a8bb32a728570cb"
"deliverables/final_experiment_pack/visualizations/FPN_AsymBi/FPN_AsymBi_irstd1k_XDU801_triplet.png","165675","64e47dc3b739e85c707e0ce127f2f8d5e749a6102c13a28c8f9659c4bc8c7a06"
"deliverables/final_experiment_pack/visualizations/FPN_AsymBi/FPN_AsymBi_irstd1k_XDU802_triplet.png","192322","50ea424eb1d3f81ee64d34409dbb1e841d67a28497ef52cdad460dcd12cca959"
"deliverables/final_experiment_pack/visualizations/FPN_AsymBi/FPN_AsymBi_irstd1k_XDU803_triplet.png","203535","e71a917655ba1c5e67faea65467b8d17f241157f8b077623a0ced29811b85952"
"deliverables/final_experiment_pack/visualizations/FPN_AsymBi/FPN_AsymBi_irstd1k_XDU804_triplet.png","206324","b98cbd859f15d67c339a4b068da349fda9c64e45a9cfdea7a1f32c5bff0f3108"
"deliverables/final_experiment_pack/visualizations/FPN_AsymBi/FPN_AsymBi_irstd1k_XDU805_triplet.png","107342","9a2cb043e034863fa50990e9ee9455841ca2a72839075fc36bd71b4b2e3dbef7"
"deliverables/final_experiment_pack/visualizations/FPN_AsymBi/FPN_AsymBi_irstd1k_XDU806_triplet.png","27161","8e6788256087e9c9e5b5df8b454f119193682009456fd51de4cc782b512f8bbb"
"deliverables/final_experiment_pack/visualizations/FPN_AsymBi/FPN_AsymBi_irstd1k_XDU807_triplet.png","161418","f176b4c98f81ac81887a78016fe625869daef2d6068e66609ca8855d1ed2610f"
"deliverables/final_experiment_pack/visualizations/FPN_AsymBi/FPN_AsymBi_irstd1k_XDU808_triplet.png","162195","fc27a7d2cc7312f24af7083410eebd85c02f0ba5132ccb5d600f5e543d064425"
"deliverables/final_experiment_pack/visualizations/FPN_AsymBi/FPN_AsymBi_irstd1k_XDU809_triplet.png","145399","beaa6f43cabf22ffff0c6931d4a8f5131716456dafb68c5fe71d7a63754f80b8"
"deliverables/final_experiment_pack/visualizations/FPN_AsymBi/FPN_AsymBi_irstd1k_XDU810_triplet.png","165090","1420b424bb34a0bd9f9b6cdb12e9353f6834b11346cbf92cebcb0b7ae683c711"
"deliverables/final_experiment_pack/visualizations/FPN_AsymBi/FPN_AsymBi_irstd1k_XDU811_triplet.png","136154","5e1c1a9ca6ecca49a05e57c210f242f8504646676fce79ac2912de2b3b6dda06"
"deliverables/final_experiment_pack/visualizations/FPN_AsymBi/FPN_AsymBi_irstd1k_XDU812_triplet.png","21082","a1d810c64967c99245d6ac7f081fd95a13af6cc875aee5341446400aedf8443b"
"deliverables/final_experiment_pack/visualizations/FPN_AsymBi/FPN_AsymBi_irstd1k_XDU813_triplet.png","163043","2bf8118de73a2b6cb715eb8b8393e854f83518b673ac60fa93ec2011c739883a"
"deliverables/final_experiment_pack/visualizations/FPN_AsymBi/FPN_AsymBi_irstd1k_XDU814_triplet.png","196078","334d44839f1abc152ae352884761439aac4167ff56cf109e76bbdad1eb480db9"
"deliverables/final_experiment_pack/visualizations/FPN_AsymBi/FPN_AsymBi_irstd1k_XDU815_triplet.png","73858","151363e4d4d4b863df30ec5c2ec64bf18441a66b1ecfcac6a4ebe142351f6eca"
"deliverables/final_experiment_pack/visualizations/FPN_AsymBi/FPN_AsymBi_irstd1k_XDU816_triplet.png","111880","018cdd04fb1a7aeefcb911966ed7dfe1ae391b7c9dcb28327020f37c9d511f23"
"deliverables/final_experiment_pack/visualizations/FPN_AsymBi/FPN_AsymBi_irstd1k_XDU817_triplet.png","163591","f3c719a25c6cb67523801c79a1a206195124eb3551e68c464baca030ca4aa9f9"
"deliverables/final_experiment_pack/visualizations/FPN_AsymBi/FPN_AsymBi_irstd1k_XDU818_triplet.png","112744","d87ae9a302ffbd0abcd296dfefaff948ea9afaf85daf1b8f0a1fa6d288552585"
"deliverables/final_experiment_pack/visualizations/FPN_AsymBi/FPN_AsymBi_irstd1k_XDU819_triplet.png","67435","a5a606e75a2e2f35b114735a4578515b74d7470e3cade504e4029687a6624843"
"deliverables/final_experiment_pack/visualizations/FPN_AsymBi/FPN_AsymBi_irstd1k_XDU820_triplet.png","170707","a54ac4b211f4f9634115d6dcb8199c5ea4c5c63b9b265337153589b401478f2a"
"deliverables/final_experiment_pack/visualizations/FPN_AsymBi/FPN_AsymBi_irstd1k_XDU821_triplet.png","139786","728e8a75a3c6b4532e7c25c9b5980396a84da3b5202d286114ef1463aff56f24"
"deliverables/final_experiment_pack/visualizations/FPN_AsymBi/FPN_AsymBi_irstd1k_XDU822_triplet.png","232860","697880b99bb48f3ef0923051d52bb56119f8b43522e8e823bde21fd4a5e917a5"
"deliverables/final_experiment_pack/visualizations/FPN_AsymBi/FPN_AsymBi_irstd1k_XDU823_triplet.png","184602","2c996eae5d24d4b0b594b90a137f55214b986beeb24010b7cf6b2b17c2af1c20"
"deliverables/final_experiment_pack/visualizations/FPN_AsymBi/FPN_AsymBi_irstd1k_XDU824_triplet.png","193359","142fba57bc331f3606a548353c7d5d1f6f2de5d6f7155be258a7e6bcbf285c5c"
"deliverables/final_experiment_pack/visualizations/FPN_AsymBi/FPN_AsymBi_irstd1k_XDU825_triplet.png","125089","f322cbf2b2098f0c0d4a547258067a8921c38636435f7bfa585bb6ba0c36b19b"
"deliverables/final_experiment_pack/visualizations/FPN_AsymBi/FPN_AsymBi_irstd1k_XDU826_triplet.png","141330","1ade90cc9216c9073e4a3109c519893d0752749900f745bb6438243ad3ab2668"
"deliverables/final_experiment_pack/visualizations/FPN_AsymBi/FPN_AsymBi_irstd1k_XDU827_triplet.png","171748","8c76b35d7c4c7d93a23e50e4a7e524804a3c286f9d0be08e78d8a876e9fbc4b5"
"deliverables/final_experiment_pack/visualizations/FPN_AsymBi/FPN_AsymBi_irstd1k_XDU828_triplet.png","93626","f62fa97772ab5133c308293d90aa847558ae0a72ae0153876afae0b249af097c"
"deliverables/final_experiment_pack/visualizations/FPN_AsymBi/FPN_AsymBi_irstd1k_XDU829_triplet.png","177836","e18080b58c88ca4598f3b891f18a8f323608232906d83f2659ffcad701c490e8"
"deliverables/final_experiment_pack/visualizations/FPN_AsymBi/FPN_AsymBi_irstd1k_XDU830_triplet.png","152367","91cfd626aff14ff15e3c4758a2cf4a6c9ac863dbc47c408ee1d68aa600c61778"
"deliverables/final_experiment_pack/visualizations/FPN_AsymBi/FPN_AsymBi_irstd1k_XDU831_triplet.png","128486","fed553afad9454c5e1a190933c8a8db8e086c2b31f53f7fcada8b5511655d201"
"deliverables/final_experiment_pack/visualizations/FPN_AsymBi/FPN_AsymBi_irstd1k_XDU832_triplet.png","93765","59b4276a30a19e48da819a4dc3bf41233b3acdbd12ea6ff034a5bd483bbe4f8e"
"deliverables/final_experiment_pack/visualizations/FPN_AsymBi/FPN_AsymBi_irstd1k_XDU833_triplet.png","186128","edc74a4453d540b95965a5b285f0612a7a1db207f9398b9746464d9d9e143656"
"deliverables/final_experiment_pack/visualizations/FPN_AsymBi/FPN_AsymBi_irstd1k_XDU834_triplet.png","95998","7b3c98ce7bdb4a8709b0315c55af671378e512a6bfc5e3c4c19e1635a39c8d6a"
"deliverables/final_experiment_pack/visualizations/FPN_AsymBi/FPN_AsymBi_irstd1k_XDU835_triplet.png","116397","bf797de9a43204a9feec823d5c476d9135f8d6b7cb61f317e9cab82adda2dd69"
"deliverables/final_experiment_pack/visualizations/FPN_AsymBi/FPN_AsymBi_irstd1k_XDU836_triplet.png","113543","4c8b644a348b234e563313c45a57689d52a09b2090022182e096596c3790baa8"
"deliverables/final_experiment_pack/visualizations/FPN_AsymBi/FPN_AsymBi_irstd1k_XDU837_triplet.png","85597","699bc52053a9e71d7d59b457365b219d31f08d97710227d718849d7797272ff8"
"deliverables/final_experiment_pack/visualizations/FPN_AsymBi/FPN_AsymBi_irstd1k_XDU838_triplet.png","144263","a07f684f9601d03b47b5dbcf95a6d30150409e1580b973a31e87936f2ad39285"
"deliverables/final_experiment_pack/visualizations/FPN_AsymBi/FPN_AsymBi_irstd1k_XDU839_triplet.png","156752","4f4929aa23796940382d3b13766e6a202fa6d7059023e9280d6593af1d09fb8a"
"deliverables/final_experiment_pack/visualizations/FPN_AsymBi/FPN_AsymBi_irstd1k_XDU840_triplet.png","177311","a82ea8c271a470d67b4b2ee24e62ceb93e4feaebc23d18537ae01df7ac95d5a5"
"deliverables/final_experiment_pack/visualizations/FPN_AsymBi/FPN_AsymBi_irstd1k_XDU841_triplet.png","144979","b535d33abe0d450d19822b755477aae13ff610e3a226bfa9e7ff948594952222"
"deliverables/final_experiment_pack/visualizations/FPN_AsymBi/FPN_AsymBi_irstd1k_XDU842_triplet.png","193537","2afc41e185f5350db7be53df3801d45441a6eda2696bf2c5e522fe7a05c7d818"
"deliverables/final_experiment_pack/visualizations/FPN_AsymBi/FPN_AsymBi_irstd1k_XDU843_triplet.png","110818","d08316b10c2ff66ccbfe0d73dac76356776d8584755030be3059b00dd5640a95"
"deliverables/final_experiment_pack/visualizations/FPN_AsymBi/FPN_AsymBi_irstd1k_XDU844_triplet.png","188775","22130e155a4bb2033cb57352ce78525ff718e6154ee28bd64721c7ca7a36e2b1"
"deliverables/final_experiment_pack/visualizations/FPN_AsymBi/FPN_AsymBi_irstd1k_XDU845_triplet.png","136631","301248a4683f7d649d2f86baf13ec3143f1397fd15c349588f9a4d0f1ce693a9"
"deliverables/final_experiment_pack/visualizations/FPN_AsymBi/FPN_AsymBi_irstd1k_XDU846_triplet.png","146247","601e1c9801e195d1e17a318587998626abde98c7bf0b247eb2b593aeb1b84907"
"deliverables/final_experiment_pack/visualizations/FPN_AsymBi/FPN_AsymBi_irstd1k_XDU847_triplet.png","67154","50fb82c44c50f09e269f5e75501de4ee6034562ae145b12f73e11eb92b7dfafa"
"deliverables/final_experiment_pack/visualizations/FPN_AsymBi/FPN_AsymBi_irstd1k_XDU848_triplet.png","144577","7004637de1270b8c5eedcd0bf2fb804a1aba1777fa7af47817893772f5fdedb3"
"deliverables/final_experiment_pack/visualizations/FPN_AsymBi/FPN_AsymBi_irstd1k_XDU849_triplet.png","139989","977920eabc7d2d4d97094dcc9d130f4aef321cfa475e2fa11297e8b746aee873"
"deliverables/final_experiment_pack/visualizations/FPN_BiGlobal/FPN_BiGlobal_irstd1k_XDU1000_triplet.png","203626","51a12aea37b6cf6e62aa059d340cafe78939726ba1e1717d19282696338e7bc4"
"deliverables/final_experiment_pack/visualizations/FPN_BiGlobal/FPN_BiGlobal_irstd1k_XDU801_triplet.png","166047","13ae8cc12ed17eed97fa43a5a8063839f548dd7f62d8f01268a04320755dac18"
"deliverables/final_experiment_pack/visualizations/FPN_BiGlobal/FPN_BiGlobal_irstd1k_XDU802_triplet.png","192710","4e4dc4941bc3e2d1a05f0f56d07ae9b1a27a8d68e2bff535e4303a01cad20b24"
"deliverables/final_experiment_pack/visualizations/FPN_BiGlobal/FPN_BiGlobal_irstd1k_XDU803_triplet.png","203897","ecef2012b989ce32de2ea8590a5b85812cba223cea7187af438ecf5ae6d9b4d7"
"deliverables/final_experiment_pack/visualizations/FPN_BiGlobal/FPN_BiGlobal_irstd1k_XDU804_triplet.png","206706","f49c2b33602b3056e66565b32b83cde7ffc62c987b712a3cba60ab940ec40aa5"
"deliverables/final_experiment_pack/visualizations/FPN_BiGlobal/FPN_BiGlobal_irstd1k_XDU805_triplet.png","107805","cbcbf7b911acda4e626e52bf90c414b95080e8fbcc598853ca34acb860f7bf19"
"deliverables/final_experiment_pack/visualizations/FPN_BiGlobal/FPN_BiGlobal_irstd1k_XDU806_triplet.png","27536","b6ef217a88fd4536f4c01cc58d2ec6d5a8102fe8be6dc06cecf50dbd97bdda1f"
"deliverables/final_experiment_pack/visualizations/FPN_BiGlobal/FPN_BiGlobal_irstd1k_XDU807_triplet.png","161802","f732d71ffd463751f9477ecb1c93a1fd5b942c39099cd52c75b5c00916386dcb"
"deliverables/final_experiment_pack/visualizations/FPN_BiGlobal/FPN_BiGlobal_irstd1k_XDU808_triplet.png","163158","99af6d465fa7982071df4fbdd02acd7572281ce762d8af4716cf4f0f4f037f56"
"deliverables/final_experiment_pack/visualizations/FPN_BiGlobal/FPN_BiGlobal_irstd1k_XDU809_triplet.png","145810","130f1f462b7e86dac1950201fcdf27b09b04d0a5f8638e7166124857bc6cfdc7"
"deliverables/final_experiment_pack/visualizations/FPN_BiGlobal/FPN_BiGlobal_irstd1k_XDU810_triplet.png","165360","a1e06b3ae04f0c00cf8e2d440d7fe932cd2869f9adeb2d548eef81463ba5e02f"
"deliverables/final_experiment_pack/visualizations/FPN_BiGlobal/FPN_BiGlobal_irstd1k_XDU811_triplet.png","136289","1b7900a2ded835073579616ab30352eed1970d51672c36e7cbea501cf012a64f"
"deliverables/final_experiment_pack/visualizations/FPN_BiGlobal/FPN_BiGlobal_irstd1k_XDU812_triplet.png","21346","622d94802e411725fa50e7a51208f09777d62108d6e95170a4a66c269adf5855"
"deliverables/final_experiment_pack/visualizations/FPN_BiGlobal/FPN_BiGlobal_irstd1k_XDU813_triplet.png","163347","4875fedb26e6e2b9e57ab38bae66d9708a971f2f6fc3ef52b202769af153de8c"
"deliverables/final_experiment_pack/visualizations/FPN_BiGlobal/FPN_BiGlobal_irstd1k_XDU814_triplet.png","195582","b01068869f856defac9639a04ebadd90f8b5224beba54f701672bc5153b95194"
"deliverables/final_experiment_pack/visualizations/FPN_BiGlobal/FPN_BiGlobal_irstd1k_XDU815_triplet.png","77010","2735dd1868ba6b0c2597729a7b68aa67ae7b8d249a5ba1bd1c2746c65b0b94a9"
"deliverables/final_experiment_pack/visualizations/FPN_BiGlobal/FPN_BiGlobal_irstd1k_XDU816_triplet.png","111206","3f810283e042ec5a39b44e81b43e99ec60eee19efafb36c145361f9897bf125e"
"deliverables/final_experiment_pack/visualizations/FPN_BiGlobal/FPN_BiGlobal_irstd1k_XDU817_triplet.png","164185","fecf2684611c45553c4afb6d4e49711560c073e0a3da9cf5cc194a864407b0d4"
"deliverables/final_experiment_pack/visualizations/FPN_BiGlobal/FPN_BiGlobal_irstd1k_XDU818_triplet.png","111925","02810e9a915b1fb16a534ae5a0e6b80775be18e369d2f6fd9bc797d0f0be7c07"
"deliverables/final_experiment_pack/visualizations/FPN_BiGlobal/FPN_BiGlobal_irstd1k_XDU819_triplet.png","68451","656f451be05e2c379dddee1c0bf590395fb28768be1b1f738193241516534085"
"deliverables/final_experiment_pack/visualizations/FPN_BiGlobal/FPN_BiGlobal_irstd1k_XDU820_triplet.png","167604","71ab8465f41e6849bf2e0920af977346d2cd3f4444941a450a73f56b6f695dde"
"deliverables/final_experiment_pack/visualizations/FPN_BiGlobal/FPN_BiGlobal_irstd1k_XDU821_triplet.png","140014","512d6c5058b4aeda28d83113b95f4bf0804f9ed506457b5ccca9b29eef390919"
"deliverables/final_experiment_pack/visualizations/FPN_BiGlobal/FPN_BiGlobal_irstd1k_XDU822_triplet.png","233506","e6f68f0ccf1dff42ea463d09fb33c0b19356ba95e86dc1ced12601221bbd8b86"
"deliverables/final_experiment_pack/visualizations/FPN_BiGlobal/FPN_BiGlobal_irstd1k_XDU823_triplet.png","185659","8958a88dcfde15eec5763e8a5d09daf0bdad2635bdae7622c0572cbe68786e06"
"deliverables/final_experiment_pack/visualizations/FPN_BiGlobal/FPN_BiGlobal_irstd1k_XDU824_triplet.png","193740","3d46d6d03af30f20e00ea0b20e34a396b468b0bb644fb348d04bc0890dc7c433"
"deliverables/final_experiment_pack/visualizations/FPN_BiGlobal/FPN_BiGlobal_irstd1k_XDU825_triplet.png","125345","a5abcf261197ade428167a9c9f8fc2662cf176874b33370e57afeb49c01fb6e7"
"deliverables/final_experiment_pack/visualizations/FPN_BiGlobal/FPN_BiGlobal_irstd1k_XDU826_triplet.png","141901","e77d48f8c38107c0076a20d4f9a922136ca42d90cad7d8af53c5bc159aacc520"
"deliverables/final_experiment_pack/visualizations/FPN_BiGlobal/FPN_BiGlobal_irstd1k_XDU827_triplet.png","172234","c1e536f0de1a79b45609b99cd9491c9a2c3f1a764abec7adaa2ece42eed852da"
"deliverables/final_experiment_pack/visualizations/FPN_BiGlobal/FPN_BiGlobal_irstd1k_XDU828_triplet.png","90177","65341011ebcfabdf4d8fad61630d52e3361135e8c733a03e099c49c929ada1cc"
"deliverables/final_experiment_pack/visualizations/FPN_BiGlobal/FPN_BiGlobal_irstd1k_XDU829_triplet.png","178359","7358e4bac9faf6e7aa7e05dfc070e6370fe0670e162d8f5780fe95d8ac805c76"
"deliverables/final_experiment_pack/visualizations/FPN_BiGlobal/FPN_BiGlobal_irstd1k_XDU830_triplet.png","152889","ac8eb80d63265a2f8edb1c49298964531f8d9eb3b4373f0dbb1bd90da6e39119"
"deliverables/final_experiment_pack/visualizations/FPN_BiGlobal/FPN_BiGlobal_irstd1k_XDU831_triplet.png","128699","1575f75ea0f4881ec6a7af4b571aa2a062bcabf6601c8a7e9d8eadba1c37aa87"
"deliverables/final_experiment_pack/visualizations/FPN_BiGlobal/FPN_BiGlobal_irstd1k_XDU832_triplet.png","94129","288298c9c6c633d356c968759173e4845331f4345f8ae4caa837b90a02ac675b"
"deliverables/final_experiment_pack/visualizations/FPN_BiGlobal/FPN_BiGlobal_irstd1k_XDU833_triplet.png","186285","0cf890c9a34b79d50de0582c835047bc94c0fca9fd6b60fe1e9aaef6eaac9090"
"deliverables/final_experiment_pack/visualizations/FPN_BiGlobal/FPN_BiGlobal_irstd1k_XDU834_triplet.png","96166","bd749fb50d40b80ac6fb9a0528b743b244ecc8f48fcbb95e0852a766a0cecf1e"
"deliverables/final_experiment_pack/visualizations/FPN_BiGlobal/FPN_BiGlobal_irstd1k_XDU835_triplet.png","117002","61438ef5127f5ecb626d828b71de5b3cd3c968ddf8a61a8788bceb8271e91f3a"
"deliverables/final_experiment_pack/visualizations/FPN_BiGlobal/FPN_BiGlobal_irstd1k_XDU836_triplet.png","113055","871d2af36452438b392b20f7adfef7910f69dafbdf2556a0281a35b4e0f3a558"
"deliverables/final_experiment_pack/visualizations/FPN_BiGlobal/FPN_BiGlobal_irstd1k_XDU837_triplet.png","86059","cbc414226ba73a79965b75680238cf613a9ae4a885c3ef5e0ab71967f2781e8f"
"deliverables/final_experiment_pack/visualizations/FPN_BiGlobal/FPN_BiGlobal_irstd1k_XDU838_triplet.png","144590","cb64ea548c8894b1e4d6e04fe259450605fbb5c606b6d922e1749432e6cb8781"
"deliverables/final_experiment_pack/visualizations/FPN_BiGlobal/FPN_BiGlobal_irstd1k_XDU839_triplet.png","157071","a6e0c8199c16a5f42197cc790d006759b1c45027f4c38b6d7099c2d0d1f65ca6"
"deliverables/final_experiment_pack/visualizations/FPN_BiGlobal/FPN_BiGlobal_irstd1k_XDU840_triplet.png","177784","2bde3469108bcb370bd3b6b0bfea7104f50cbea3c59d4369ca0287a4a755301b"
"deliverables/final_experiment_pack/visualizations/FPN_BiGlobal/FPN_BiGlobal_irstd1k_XDU841_triplet.png","145355","32f8cd2ec63e083010c51ce31ae92ed6629f26ee99a60b1cdd1610da05196bcf"
"deliverables/final_experiment_pack/visualizations/FPN_BiGlobal/FPN_BiGlobal_irstd1k_XDU842_triplet.png","193968","76f9e280b32e86c39aeacf4ff11ab1065fdfdb27313a4cef4cfd45bd6abbc6bf"
"deliverables/final_experiment_pack/visualizations/FPN_BiGlobal/FPN_BiGlobal_irstd1k_XDU843_triplet.png","112650","41e93ce5a2e24b9df0b1ce2a1c330cc01a699adb03010e263f1bf3d4380c0f13"
"deliverables/final_experiment_pack/visualizations/FPN_BiGlobal/FPN_BiGlobal_irstd1k_XDU844_triplet.png","189013","3d46b2822d8e700b0f379d47841d6424c2f5569b59b400a8cd1a1ee7981d5a71"
"deliverables/final_experiment_pack/visualizations/FPN_BiGlobal/FPN_BiGlobal_irstd1k_XDU845_triplet.png","137035","891b6c26bfc3543d4b841fc9d41b68dc38a9f44f550a2ea7127ceed4b2cb015c"
"deliverables/final_experiment_pack/visualizations/FPN_BiGlobal/FPN_BiGlobal_irstd1k_XDU846_triplet.png","146689","57d3bd29f3fbf1fed6a5d95f9abf0859f3d5be027db351000cfedb59c920edf2"
"deliverables/final_experiment_pack/visualizations/FPN_BiGlobal/FPN_BiGlobal_irstd1k_XDU847_triplet.png","67530","ee861b650264039974fe70100ad9b88dc7f115f88e02ebb5fc4ddce2070efb20"
"deliverables/final_experiment_pack/visualizations/FPN_BiGlobal/FPN_BiGlobal_irstd1k_XDU848_triplet.png","145066","02ec8c2855142f6ec3f8c202c5ad58cd933c7a89939083262842846bdcfd9e44"
"deliverables/final_experiment_pack/visualizations/FPN_BiGlobal/FPN_BiGlobal_irstd1k_XDU849_triplet.png","140520","85232898f955b316baaea0b9ba4597eadd14be87fbe1e341378afd27d754e520"
"deliverables/final_experiment_pack/visualizations/FPN_BiLocal/FPN_BiLocal_irstd1k_XDU1000_triplet.png","211067","d10aad546979ad91e02353d36c7cb2e93e3704d8e51db0b746684db4820cb8dd"
"deliverables/final_experiment_pack/visualizations/FPN_BiLocal/FPN_BiLocal_irstd1k_XDU801_triplet.png","167661","a3e0c7798fff30ea582153d5ba609771c8d52e593df0dd553234ec69099885b4"
"deliverables/final_experiment_pack/visualizations/FPN_BiLocal/FPN_BiLocal_irstd1k_XDU802_triplet.png","192787","b33725ee05a1407e17dc533be5959f5e9866a405a9b16672956a17318176f20b"
"deliverables/final_experiment_pack/visualizations/FPN_BiLocal/FPN_BiLocal_irstd1k_XDU803_triplet.png","204083","c2a10ba796b2159c1dbe1158a54b290be227e4264d89069cb5faba768879b2f9"
"deliverables/final_experiment_pack/visualizations/FPN_BiLocal/FPN_BiLocal_irstd1k_XDU804_triplet.png","206474","acd053f662381f8cef0cafcae4855831aca2be0aad8a3d0a2f9dfc36a8817ae9"
"deliverables/final_experiment_pack/visualizations/FPN_BiLocal/FPN_BiLocal_irstd1k_XDU805_triplet.png","108650","5beded033a238a86a2f77bca2c6752f279584fc23877d9b99d402097e042453f"
"deliverables/final_experiment_pack/visualizations/FPN_BiLocal/FPN_BiLocal_irstd1k_XDU806_triplet.png","27118","f36dac4ee3d19f8d34ea5becfc22f84051522ac3ab884863da7ed233dd98588f"
"deliverables/final_experiment_pack/visualizations/FPN_BiLocal/FPN_BiLocal_irstd1k_XDU807_triplet.png","161659","82cf04ec252f57232ca434f55d362daf9953a6b8e61a903e54efacfd6fbf8e0b"
"deliverables/final_experiment_pack/visualizations/FPN_BiLocal/FPN_BiLocal_irstd1k_XDU808_triplet.png","163598","bfc8a4439b95ee987bf05bbe2df2ac0515f1ec85bc3af5c5a993b6029e2ab40e"
"deliverables/final_experiment_pack/visualizations/FPN_BiLocal/FPN_BiLocal_irstd1k_XDU809_triplet.png","145818","61a4c94e4ebf441b6090303fdab2514981d23b5aca84aa5e173b51618ce7e0ec"
"deliverables/final_experiment_pack/visualizations/FPN_BiLocal/FPN_BiLocal_irstd1k_XDU810_triplet.png","164997","436350344c98359b539183b5db4e46283a92876d002be39c4dfa44a6c5ce0dfe"
"deliverables/final_experiment_pack/visualizations/FPN_BiLocal/FPN_BiLocal_irstd1k_XDU811_triplet.png","136124","eb960397e07798ab49d2b91bfddb69bb298cde5c3f163b1aa7c8e31672782cd5"
"deliverables/final_experiment_pack/visualizations/FPN_BiLocal/FPN_BiLocal_irstd1k_XDU812_triplet.png","21073","ba454fa481e0af6847178d6f2ba380ef0cb884dc00e0a4633dcf49368755e26b"
"deliverables/final_experiment_pack/visualizations/FPN_BiLocal/FPN_BiLocal_irstd1k_XDU813_triplet.png","163462","2f269403f5047db6288be03a040d6e48d6e1dc6527147a6eec9a5f27d6442696"
"deliverables/final_experiment_pack/visualizations/FPN_BiLocal/FPN_BiLocal_irstd1k_XDU814_triplet.png","197339","7ad329ba56a96e5f427b17dce5931c1d8364f9a6ccd261c3e5c1565066ccc7e0"
"deliverables/final_experiment_pack/visualizations/FPN_BiLocal/FPN_BiLocal_irstd1k_XDU815_triplet.png","73848","5446369dafb464e529a6c591c9c697a1ea8d4da523100a3383af19292e26a299"
"deliverables/final_experiment_pack/visualizations/FPN_BiLocal/FPN_BiLocal_irstd1k_XDU816_triplet.png","112424","d75dfb8be2aa6ba729591c83304569e608f9ea7dd5686f0e25752923573f9945"
"deliverables/final_experiment_pack/visualizations/FPN_BiLocal/FPN_BiLocal_irstd1k_XDU817_triplet.png","164434","e6848ed48b188b7cddcb8d27757d6db5dbff21b5d73057997115bdf3c8da599b"
"deliverables/final_experiment_pack/visualizations/FPN_BiLocal/FPN_BiLocal_irstd1k_XDU818_triplet.png","111288","a5c46a2c0741e64e66f906d982c1e73df6a6ba60e0c5d410148401660fdae438"
"deliverables/final_experiment_pack/visualizations/FPN_BiLocal/FPN_BiLocal_irstd1k_XDU819_triplet.png","68764","f0903f2ac6f8b7a632d59d209c87872006d51672d5b7b6e9dfb25f11b3c23c98"
"deliverables/final_experiment_pack/visualizations/FPN_BiLocal/FPN_BiLocal_irstd1k_XDU820_triplet.png","165839","bea996f50cdd419c2a3d0e69f3d60cdd3328fa22c5e82243c305a9492e564bd2"
"deliverables/final_experiment_pack/visualizations/FPN_BiLocal/FPN_BiLocal_irstd1k_XDU821_triplet.png","140592","2ad7e89d317070fda39b1094f697d2182ba8f464286b377e08206e0a9b755efb"
"deliverables/final_experiment_pack/visualizations/FPN_BiLocal/FPN_BiLocal_irstd1k_XDU822_triplet.png","233009","f1eadb39d21ebf78d7d07fb7b3d3e094d18517c51afc0c9ed999ce60557937e6"
"deliverables/final_experiment_pack/visualizations/FPN_BiLocal/FPN_BiLocal_irstd1k_XDU823_triplet.png","186868","f0c8b6bb4bdc82564b0a966cb20c981ba3ea9ba6d52e709c1243ea9902c2e7e7"
"deliverables/final_experiment_pack/visualizations/FPN_BiLocal/FPN_BiLocal_irstd1k_XDU824_triplet.png","193431","63316e2331003e1002b883021e3275d6e40cb0f3e528fb0b04de464df4fbb950"
"deliverables/final_experiment_pack/visualizations/FPN_BiLocal/FPN_BiLocal_irstd1k_XDU825_triplet.png","129094","7a5d9d34bd564bfbf705dcc528974e0b4c50503b838ce3d8c17778d7c228d0ee"
"deliverables/final_experiment_pack/visualizations/FPN_BiLocal/FPN_BiLocal_irstd1k_XDU826_triplet.png","141666","46f89514b5e545b21a77370218c54f96f104044d724a80a7c3418ff444f4c52c"
"deliverables/final_experiment_pack/visualizations/FPN_BiLocal/FPN_BiLocal_irstd1k_XDU827_triplet.png","172429","58571bfb0313570881b8edb9cf16261fda260f5a6d36a4868490570b69c23f03"
"deliverables/final_experiment_pack/visualizations/FPN_BiLocal/FPN_BiLocal_irstd1k_XDU828_triplet.png","85795","e0cabd7919572e7cdbf33a019c409c8914e21225eec3f5712d035ebeab072ad7"
"deliverables/final_experiment_pack/visualizations/FPN_BiLocal/FPN_BiLocal_irstd1k_XDU829_triplet.png","178991","7a1286822a97eac529b30b3a4f939beed60e5d5252326e95ec1d168c34f8601f"
"deliverables/final_experiment_pack/visualizations/FPN_BiLocal/FPN_BiLocal_irstd1k_XDU830_triplet.png","154116","19b917ac1bf5bebf95567ecfbd4931dba37db6b3912ff32dd1103114747a3ed7"
"deliverables/final_experiment_pack/visualizations/FPN_BiLocal/FPN_BiLocal_irstd1k_XDU831_triplet.png","129126","4669cbb2a867f148f2e95ed566cff12e5f0f7877f79a9ff2f36cf12f1aef378c"
"deliverables/final_experiment_pack/visualizations/FPN_BiLocal/FPN_BiLocal_irstd1k_XDU832_triplet.png","94397","f75dc865cf688fe33a8445542ab27b20e2baa959f28fbb8fba8f9c948c1f7276"
"deliverables/final_experiment_pack/visualizations/FPN_BiLocal/FPN_BiLocal_irstd1k_XDU833_triplet.png","187618","46daf9d646a602cb346ec19120f63dd225e0b3e4efcd07f0bd5494e75f4b9632"
"deliverables/final_experiment_pack/visualizations/FPN_BiLocal/FPN_BiLocal_irstd1k_XDU834_triplet.png","96647","36f6a8e2fa51cd9e47e5e84c74adac0fab1dcf488415135b7dc2b64bd27a3a15"
"deliverables/final_experiment_pack/visualizations/FPN_BiLocal/FPN_BiLocal_irstd1k_XDU835_triplet.png","118519","8ab2d10f23f900d1c370d582f7872a446e25b7377bbeee8be6d26d8d5ca12365"
"deliverables/final_experiment_pack/visualizations/FPN_BiLocal/FPN_BiLocal_irstd1k_XDU836_triplet.png","114326","4350cd3cc7728ac8af428ca42b1ba230d63ca300b18c8aab8a70476daafc6ea0"
"deliverables/final_experiment_pack/visualizations/FPN_BiLocal/FPN_BiLocal_irstd1k_XDU837_triplet.png","86959","2e5a8869fd59b2e58d47834922088eab5b1318d06d8d5bd9da25cae92c0f60f6"
"deliverables/final_experiment_pack/visualizations/FPN_BiLocal/FPN_BiLocal_irstd1k_XDU838_triplet.png","145022","79afc5f2e8bfc5dddc895687ab07d02da77eb0006ea582887fdccc4bf43366bf"
"deliverables/final_experiment_pack/visualizations/FPN_BiLocal/FPN_BiLocal_irstd1k_XDU839_triplet.png","157628","e0db0ac24b043c9f6a9887f7488e011f2c2e818de43f51eefcaf561b27f6abc3"
"deliverables/final_experiment_pack/visualizations/FPN_BiLocal/FPN_BiLocal_irstd1k_XDU840_triplet.png","177469","b878658ba68244d502299aaf0fb5b1968420b81659806fd11b882988bcc6e4cc"
"deliverables/final_experiment_pack/visualizations/FPN_BiLocal/FPN_BiLocal_irstd1k_XDU841_triplet.png","145204","ef975e7bdf90e1c42006a9c4a0ec6b458dabf9e6acf5a806fc693c60b126439c"
"deliverables/final_experiment_pack/visualizations/FPN_BiLocal/FPN_BiLocal_irstd1k_XDU842_triplet.png","193721","2b132b5645e3a0ad826739e02cfec798a83abd7e724ab403c6e67b7207552c00"
"deliverables/final_experiment_pack/visualizations/FPN_BiLocal/FPN_BiLocal_irstd1k_XDU843_triplet.png","111306","be1e3233e9898ab185094b1c90c40d33be39178708c506a3d849b8e9d2a8fb7e"
"deliverables/final_experiment_pack/visualizations/FPN_BiLocal/FPN_BiLocal_irstd1k_XDU844_triplet.png","189767","713df66b29cc505ed47a1d94eaaa42642a5a66678ef536f579dcf20d4c93e976"
"deliverables/final_experiment_pack/visualizations/FPN_BiLocal/FPN_BiLocal_irstd1k_XDU845_triplet.png","137336","638af1f38b14fcd38e054294f5ad6ee38e5b49a65cf94045e64d4cdd4b30f61c"
"deliverables/final_experiment_pack/visualizations/FPN_BiLocal/FPN_BiLocal_irstd1k_XDU846_triplet.png","146271","eaffe4c1735e0bbfdbd45a176353d039bbf2b0182246446f2d927d1a527f5a89"
"deliverables/final_experiment_pack/visualizations/FPN_BiLocal/FPN_BiLocal_irstd1k_XDU847_triplet.png","67725","9fe4a6c8630389d655c331f8955769d1a474b6551e71e5ec8e987319218441ce"
"deliverables/final_experiment_pack/visualizations/FPN_BiLocal/FPN_BiLocal_irstd1k_XDU848_triplet.png","147901","c9d64b188b8a982bc8cbc233a8edc349f9dcd50bffc34ab4f97888669c7ab63e"
"deliverables/final_experiment_pack/visualizations/FPN_BiLocal/FPN_BiLocal_irstd1k_XDU849_triplet.png","140267","120191ed21bfced18a4fb9879ef8a47dc4b9607fe7302917f9a6346db3d6c542"
"deliverables/final_experiment_pack/visualizations/UNet_AsymBi/UNet_AsymBi_irstd1k_XDU1000_triplet.png","204621","69d281e5122b8c7ca338fa0aaf18af056bc032162678173b1ad9c7d0760f9100"
"deliverables/final_experiment_pack/visualizations/UNet_AsymBi/UNet_AsymBi_irstd1k_XDU801_triplet.png","168310","62cecf8ae6f922c8ae986840c4c10ed6ab0b4bd52c7f917532df9499df3d480e"
"deliverables/final_experiment_pack/visualizations/UNet_AsymBi/UNet_AsymBi_irstd1k_XDU802_triplet.png","192588","0e4b43042333cc421fc57c52079f39ff61a3059818b53edaf674ebfe68efb4f9"
"deliverables/final_experiment_pack/visualizations/UNet_AsymBi/UNet_AsymBi_irstd1k_XDU803_triplet.png","204048","18ce38adfda8f99eec93485e668d2bfa41115131bb83421e2c396d5654e5dacd"
"deliverables/final_experiment_pack/visualizations/UNet_AsymBi/UNet_AsymBi_irstd1k_XDU804_triplet.png","206654","8c25cf9d19ac939d0216bfe3084e49f3a9c03caf3216d7b59ebd629024a7cf89"
"deliverables/final_experiment_pack/visualizations/UNet_AsymBi/UNet_AsymBi_irstd1k_XDU805_triplet.png","107806","e8545acce1ddcdaca556ef7124c5a64358c1edbef2e025bc9c06b189bdb4c3cd"
"deliverables/final_experiment_pack/visualizations/UNet_AsymBi/UNet_AsymBi_irstd1k_XDU806_triplet.png","27447","b4185374f774e324505c56bbb7059d0e0bdcbb21d971e4a927588f3be5b78c54"
"deliverables/final_experiment_pack/visualizations/UNet_AsymBi/UNet_AsymBi_irstd1k_XDU807_triplet.png","161674","c841af03182a6f80eac6d141942f3f4da0a3f7ff71a7c27c0ced2da196193b34"
"deliverables/final_experiment_pack/visualizations/UNet_AsymBi/UNet_AsymBi_irstd1k_XDU808_triplet.png","163258","7b0fd1beb9dd433d080b9444c270b214eba290247b2ba17c19bc48de85f0629c"
"deliverables/final_experiment_pack/visualizations/UNet_AsymBi/UNet_AsymBi_irstd1k_XDU809_triplet.png","145908","29eb79bb732a405b5a3ec55d2804d206cce90a4e963aee80b39073440c369539"
"deliverables/final_experiment_pack/visualizations/UNet_AsymBi/UNet_AsymBi_irstd1k_XDU810_triplet.png","165244","4cb671fe6b491d9a3cc992e80a28c0b8756bdc56c32fd88ad6d7ddd66660b90e"
"deliverables/final_experiment_pack/visualizations/UNet_AsymBi/UNet_AsymBi_irstd1k_XDU811_triplet.png","136393","aeec31bda4602c0664511d201e09b20a72a1ae512fc425b0fcb5294e7d0d95cf"
"deliverables/final_experiment_pack/visualizations/UNet_AsymBi/UNet_AsymBi_irstd1k_XDU812_triplet.png","21219","9b0dcb9bc27444875ac9ad034f0739555cd653122c260c07f8131d59e3da2aed"
"deliverables/final_experiment_pack/visualizations/UNet_AsymBi/UNet_AsymBi_irstd1k_XDU813_triplet.png","163213","bd267c57c62a80dd97ff3bc73001a223414c0e096e65f187d9fa36fb85ca3090"
"deliverables/final_experiment_pack/visualizations/UNet_AsymBi/UNet_AsymBi_irstd1k_XDU814_triplet.png","196134","6145715cdf8ee8bc280cbeaf8eb5e306038c3c8a44546ee93697731cbcac0b3f"
"deliverables/final_experiment_pack/visualizations/UNet_AsymBi/UNet_AsymBi_irstd1k_XDU815_triplet.png","74484","00890259ef3a8d13c0ac540f8bc6600f699ca7513db1be999fdb4c666b16cde7"
"deliverables/final_experiment_pack/visualizations/UNet_AsymBi/UNet_AsymBi_irstd1k_XDU816_triplet.png","112081","7bb2494a2450c22ed29835c1ab0f069f1a6a9b9bf777b8b6222065d682911b3d"
"deliverables/final_experiment_pack/visualizations/UNet_AsymBi/UNet_AsymBi_irstd1k_XDU817_triplet.png","164705","76d83a515964eecfc9d6ddfeefe5c3cd0fff16dbcad60892bad85e30644bb8af"
"deliverables/final_experiment_pack/visualizations/UNet_AsymBi/UNet_AsymBi_irstd1k_XDU818_triplet.png","113679","653853dd196b89d6c4c8154052dc3e15f75cb038ddf326e8a25b4b9f2ee03108"
"deliverables/final_experiment_pack/visualizations/UNet_AsymBi/UNet_AsymBi_irstd1k_XDU819_triplet.png","68261","6deca78031acb8bb7bc2e2ac9675aa2846c17e9988bba0d7c103be51d6b721e4"
"deliverables/final_experiment_pack/visualizations/UNet_AsymBi/UNet_AsymBi_irstd1k_XDU820_triplet.png","165196","f07d59505704b003475f7699d765c236ec236e41de218882bb73dc9334d31bc7"
"deliverables/final_experiment_pack/visualizations/UNet_AsymBi/UNet_AsymBi_irstd1k_XDU821_triplet.png","140101","0a9ce1144ae3358de4e7267980c0e180f50226a7a6e0e4f82ecbdc08a40c739c"
"deliverables/final_experiment_pack/visualizations/UNet_AsymBi/UNet_AsymBi_irstd1k_XDU822_triplet.png","232774","f47574c04697a220c14e4d0714bb5dfceefaa8b9183f579a41a63492890fc228"
"deliverables/final_experiment_pack/visualizations/UNet_AsymBi/UNet_AsymBi_irstd1k_XDU823_triplet.png","185203","1ec3e9e10cd7fbdc0df4f57534c777b508a8637569a00da84ee8f35e60105169"
"deliverables/final_experiment_pack/visualizations/UNet_AsymBi/UNet_AsymBi_irstd1k_XDU824_triplet.png","193407","f24d79eb91eeee6664d9f782018656fb104a1c02439db2ba7d2ca9f2fff24b5a"
"deliverables/final_experiment_pack/visualizations/UNet_AsymBi/UNet_AsymBi_irstd1k_XDU825_triplet.png","126830","486de186c07ee21f8ab5a6965e38baea3e0b926addc27ca95a3b46b42f4c38c0"
"deliverables/final_experiment_pack/visualizations/UNet_AsymBi/UNet_AsymBi_irstd1k_XDU826_triplet.png","141452","b045ee2a0a42c5ef579f32bbc663f2c36a3efc600f9d3da7007b7d0156d981d5"
"deliverables/final_experiment_pack/visualizations/UNet_AsymBi/UNet_AsymBi_irstd1k_XDU827_triplet.png","172050","f02227935b757ce726115975d67ed69724b8f64dec36bc2d991208c1c15cdbaf"
"deliverables/final_experiment_pack/visualizations/UNet_AsymBi/UNet_AsymBi_irstd1k_XDU828_triplet.png","86466","be04a62d6cddb1ffbb6d4b0ee637b1c69ab42587a4b894aa1ae6c26b4401bb96"
"deliverables/final_experiment_pack/visualizations/UNet_AsymBi/UNet_AsymBi_irstd1k_XDU829_triplet.png","178146","0c55ef39b368dc9164ee6a48de20f026a5512ae254a9e0cf81d39d781de15dbd"
"deliverables/final_experiment_pack/visualizations/UNet_AsymBi/UNet_AsymBi_irstd1k_XDU830_triplet.png","153366","2abb7608fb0fc3e3d7561a459aaa2fe8e911060da59ba12801c437d4e5b96aaa"
"deliverables/final_experiment_pack/visualizations/UNet_AsymBi/UNet_AsymBi_irstd1k_XDU831_triplet.png","128743","25a69302111675155a1c225d4d2cd77958e0f903940aac63229368bb52794344"
"deliverables/final_experiment_pack/visualizations/UNet_AsymBi/UNet_AsymBi_irstd1k_XDU832_triplet.png","94041","ada1d8d779dc05cc12b8d2362f0bbfc351ed15c221ee5bd4d1d8436cfc8f8a92"
"deliverables/final_experiment_pack/visualizations/UNet_AsymBi/UNet_AsymBi_irstd1k_XDU833_triplet.png","186411","d36494df0d6aeafd0ba430d310b2b68947c23c6d03d5580336dd4a2dcad0126d"
"deliverables/final_experiment_pack/visualizations/UNet_AsymBi/UNet_AsymBi_irstd1k_XDU834_triplet.png","96155","63d50c56b5ba6fd6ec949123228233fce6a72c847c473eb12c97b65a6952efd9"
"deliverables/final_experiment_pack/visualizations/UNet_AsymBi/UNet_AsymBi_irstd1k_XDU835_triplet.png","116853","4b783854dc92af0530a4fbb5e35cbe3d1d49e7e0252e8d8955796ec08b9f374c"
"deliverables/final_experiment_pack/visualizations/UNet_AsymBi/UNet_AsymBi_irstd1k_XDU836_triplet.png","113482","ac4651ac22955e895e235eb6404984adf92110b6a1072227fd5b2934f45ab690"
"deliverables/final_experiment_pack/visualizations/UNet_AsymBi/UNet_AsymBi_irstd1k_XDU837_triplet.png","86300","4d12c46df4f5330785ed797f0a31c3085e692c8e0fca2c2c085b3a476b0c0ff3"
"deliverables/final_experiment_pack/visualizations/UNet_AsymBi/UNet_AsymBi_irstd1k_XDU838_triplet.png","144580","3c2033d9aa901084090726ae04412879e7243fbb8f81fdea21294f082ae73544"
"deliverables/final_experiment_pack/visualizations/UNet_AsymBi/UNet_AsymBi_irstd1k_XDU839_triplet.png","157011","07c6b5c94d7ad67aa3120eab15538be48acda1b168ee01f12dd8a4d81dab8f53"
"deliverables/final_experiment_pack/visualizations/UNet_AsymBi/UNet_AsymBi_irstd1k_XDU840_triplet.png","177649","6fd025fc73c3b0d2a62aa735d8389ade2e37555254c0bbe685cfae856abce403"
"deliverables/final_experiment_pack/visualizations/UNet_AsymBi/UNet_AsymBi_irstd1k_XDU841_triplet.png","145385","17e49445587465b785bc39623569a1523a9818b0de73ab81265e5e2faf5d5b73"
"deliverables/final_experiment_pack/visualizations/UNet_AsymBi/UNet_AsymBi_irstd1k_XDU842_triplet.png","193995","128b92ce792d11a8eb8d5d51bc4a29a4fd29e9f38651e852c23ec97be821895e"
"deliverables/final_experiment_pack/visualizations/UNet_AsymBi/UNet_AsymBi_irstd1k_XDU843_triplet.png","112123","32dfad2de6789f3589cb34d79399ad1fbc715ceeed02eab666c8a168bac29c00"
"deliverables/final_experiment_pack/visualizations/UNet_AsymBi/UNet_AsymBi_irstd1k_XDU844_triplet.png","189078","7fe5d47ec9455db7f380e00e899a7d8d3dbfee73f41299ee1156f4741e4239cb"
"deliverables/final_experiment_pack/visualizations/UNet_AsymBi/UNet_AsymBi_irstd1k_XDU845_triplet.png","136982","5f4ebb9ac9fab2566ab610ecafe4636ba63c0b5d543321a8addfd342b7dee817"
"deliverables/final_experiment_pack/visualizations/UNet_AsymBi/UNet_AsymBi_irstd1k_XDU846_triplet.png","146600","d3b5b3d665e60ec4acdbec9bf33a295f93c22140087e03cbca796ddf1d21fe8e"
"deliverables/final_experiment_pack/visualizations/UNet_AsymBi/UNet_AsymBi_irstd1k_XDU847_triplet.png","67551","85b124eeccebe6b4ab136b0ad88980ab7c2029fe775312f0b8b5ac58c0d1ff56"
"deliverables/final_experiment_pack/visualizations/UNet_AsymBi/UNet_AsymBi_irstd1k_XDU848_triplet.png","145809","71cffb03bf93db84d35057fa9d5b07e0da0f4fe5cc4d8c0ae5a1bc33412ef56c"
"deliverables/final_experiment_pack/visualizations/UNet_AsymBi/UNet_AsymBi_irstd1k_XDU849_triplet.png","140758","ce047926cdaab6203325d8f07f5c9f3cc79ce90db0d61a6e1907d8c1261821ba"
"deliverables/final_experiment_pack/visualizations/UNet_BiGlobal/UNet_BiGlobal_irstd1k_XDU1000_triplet.png","203173","068343848567ed253d6f08a71b4c0cb619aaa3116eda8c408da463d6632b79ec"
"deliverables/final_experiment_pack/visualizations/UNet_BiGlobal/UNet_BiGlobal_irstd1k_XDU801_triplet.png","166411","9b05037e0313cf79e069523a9818a40a64cf0d668b05df6b3a33c3f6ee0ae7a4"
"deliverables/final_experiment_pack/visualizations/UNet_BiGlobal/UNet_BiGlobal_irstd1k_XDU802_triplet.png","192680","1a994df60f1a11be87a3275b00e93cef0d9b6624c69cec2344f534f9f022ed27"
"deliverables/final_experiment_pack/visualizations/UNet_BiGlobal/UNet_BiGlobal_irstd1k_XDU803_triplet.png","203926","8a7e20b79f6421934c154902beee8896d8b41595487d8ebdfc76b833403e0b9b"
"deliverables/final_experiment_pack/visualizations/UNet_BiGlobal/UNet_BiGlobal_irstd1k_XDU804_triplet.png","206491","087307e5e83c2f366c001f6871eefe96a53eecbfc2a392157763c0f8bf482036"
"deliverables/final_experiment_pack/visualizations/UNet_BiGlobal/UNet_BiGlobal_irstd1k_XDU805_triplet.png","107772","c17330cc5f446d14e0df194ffb0aa53ab4335067aac28b07f03922ca134cd28f"
"deliverables/final_experiment_pack/visualizations/UNet_BiGlobal/UNet_BiGlobal_irstd1k_XDU806_triplet.png","27632","31e9eb819306c326dab77450a0c794ed1ce253b23f191eaac0c5eb99241b1a1e"
"deliverables/final_experiment_pack/visualizations/UNet_BiGlobal/UNet_BiGlobal_irstd1k_XDU807_triplet.png","161610","4af93c6d06aed85459f364663cc8bc8daa5bd5f15cbfd081160d9177144bb622"
"deliverables/final_experiment_pack/visualizations/UNet_BiGlobal/UNet_BiGlobal_irstd1k_XDU808_triplet.png","162808","210f62e35912c7650e15a00191b0e0b4ccaba158ecd5336b114c8188c5a67e1b"
"deliverables/final_experiment_pack/visualizations/UNet_BiGlobal/UNet_BiGlobal_irstd1k_XDU809_triplet.png","145918","c53b4b57f25dc890f35716752b9e944858b63c6153eb884e1f68bf0421e6a8ad"
"deliverables/final_experiment_pack/visualizations/UNet_BiGlobal/UNet_BiGlobal_irstd1k_XDU810_triplet.png","165230","bec01942e6bad94f3c5398ed963243fb8dc6c381f4c384a238730a62b092c2cf"
"deliverables/final_experiment_pack/visualizations/UNet_BiGlobal/UNet_BiGlobal_irstd1k_XDU811_triplet.png","136372","cfb73b5e711374d063a7644b74b875f73a685cc4bc5e62f8bc5d46e9732b3610"
"deliverables/final_experiment_pack/visualizations/UNet_BiGlobal/UNet_BiGlobal_irstd1k_XDU812_triplet.png","21399","4eeb60d3a77871eb553ce8aaaac2045af19b186b21e35a2ad2f22488699d1ee0"
"deliverables/final_experiment_pack/visualizations/UNet_BiGlobal/UNet_BiGlobal_irstd1k_XDU813_triplet.png","163491","38fba49c9dc1e5677a764801f13502543022a9a662c09c46e563ddafbfc2a425"
"deliverables/final_experiment_pack/visualizations/UNet_BiGlobal/UNet_BiGlobal_irstd1k_XDU814_triplet.png","195582","9cec37cbb22637d0fc87050f0db2eebf26195f2012a2b74c64e85941d81caa2c"
"deliverables/final_experiment_pack/visualizations/UNet_BiGlobal/UNet_BiGlobal_irstd1k_XDU815_triplet.png","74973","70fbb99910387660db294b478f2e317ad690bf32aa1efb234f7ba746b5b93f9a"
"deliverables/final_experiment_pack/visualizations/UNet_BiGlobal/UNet_BiGlobal_irstd1k_XDU816_triplet.png","111043","5a3f31891d5325e8acbd64dd380dd2b29baa59dca240b344a5eab5185df8890e"
"deliverables/final_experiment_pack/visualizations/UNet_BiGlobal/UNet_BiGlobal_irstd1k_XDU817_triplet.png","164128","06f45128f4cd9f9ee475879f2854993d0b6e0c91df921b99aee03e9b5a6a6421"
"deliverables/final_experiment_pack/visualizations/UNet_BiGlobal/UNet_BiGlobal_irstd1k_XDU818_triplet.png","113742","33128510d29d6d29d51dcfc8884dcf14284ea9c22abb5d53557947dea0c0c9df"
"deliverables/final_experiment_pack/visualizations/UNet_BiGlobal/UNet_BiGlobal_irstd1k_XDU819_triplet.png","68053","e33cff4186feb5b1eab85a273a769519d93213f81878f7b00743aeac8cc8f71d"
"deliverables/final_experiment_pack/visualizations/UNet_BiGlobal/UNet_BiGlobal_irstd1k_XDU820_triplet.png","166354","05a344d8f817686fd374dbf2cbdc9b5071a77fcd52ff7cff0e56501853d67f75"
"deliverables/final_experiment_pack/visualizations/UNet_BiGlobal/UNet_BiGlobal_irstd1k_XDU821_triplet.png","139708","54570014f02848dd527ed88c17123b648330805bf8469747f606146778fb4c15"
"deliverables/final_experiment_pack/visualizations/UNet_BiGlobal/UNet_BiGlobal_irstd1k_XDU822_triplet.png","232986","ee81e7b9c840b8a74e601728560ea9972d49ce36e46e2f8a7d9f6e19199d1a67"
"deliverables/final_experiment_pack/visualizations/UNet_BiGlobal/UNet_BiGlobal_irstd1k_XDU823_triplet.png","185741","b2a2c171c2d9e676c90b00a666eeedc3ae0d7e9b960e7c854c368e47907a944b"
"deliverables/final_experiment_pack/visualizations/UNet_BiGlobal/UNet_BiGlobal_irstd1k_XDU824_triplet.png","193774","75b619fa74d42b21536d34dd88d02112c623b9d007afe300331da2cdc0cdbd14"
"deliverables/final_experiment_pack/visualizations/UNet_BiGlobal/UNet_BiGlobal_irstd1k_XDU825_triplet.png","126142","64b24629e631ae1b493f6ef2276fb61850d0675f32e9f2bc36e4656f41012848"
"deliverables/final_experiment_pack/visualizations/UNet_BiGlobal/UNet_BiGlobal_irstd1k_XDU826_triplet.png","141454","d61eb834567b0fd97b376c838710e5f32e11184d5424d9cd272df666ebad3c73"
"deliverables/final_experiment_pack/visualizations/UNet_BiGlobal/UNet_BiGlobal_irstd1k_XDU827_triplet.png","172527","314729dc306a12cc922cf68a8522f11da404d13442c6a566cc4cb854f3227452"
"deliverables/final_experiment_pack/visualizations/UNet_BiGlobal/UNet_BiGlobal_irstd1k_XDU828_triplet.png","93029","8394fa21459329b5ebfbf627cbaa87d33c209e38be00ab4e7dd95f5d57e58675"
"deliverables/final_experiment_pack/visualizations/UNet_BiGlobal/UNet_BiGlobal_irstd1k_XDU829_triplet.png","178274","14d58be27b147a9f864999ceb8c28cc032a21552f52797d1cc2a01c190c3e07a"
"deliverables/final_experiment_pack/visualizations/UNet_BiGlobal/UNet_BiGlobal_irstd1k_XDU830_triplet.png","153112","510fe0c46c8675e330179f21224e44c4e2865ef38a2e78fbb263693382e8be7a"
"deliverables/final_experiment_pack/visualizations/UNet_BiGlobal/UNet_BiGlobal_irstd1k_XDU831_triplet.png","128833","6f3f49cf5dfee98577e32f7f623c5345ae4611237b903f640a53b19094c04c65"
"deliverables/final_experiment_pack/visualizations/UNet_BiGlobal/UNet_BiGlobal_irstd1k_XDU832_triplet.png","94156","4d0c694bd69e36146b03b981373e1eb758c27144c9ac576db35d8f3751e26449"
"deliverables/final_experiment_pack/visualizations/UNet_BiGlobal/UNet_BiGlobal_irstd1k_XDU833_triplet.png","186812","b0daaf99e073d89c6b824a8f3fd8216ca536fe38b6ba73ff796764604f9a5688"
"deliverables/final_experiment_pack/visualizations/UNet_BiGlobal/UNet_BiGlobal_irstd1k_XDU834_triplet.png","96150","2d4a935d423a61382dab5145fa68a46d55ca4ddd0cd61c105671aeacc0925bfb"
"deliverables/final_experiment_pack/visualizations/UNet_BiGlobal/UNet_BiGlobal_irstd1k_XDU835_triplet.png","116850","af0c0c69703039404e0003b16aaf75cdaf00e3967b309d2f121c7ad7df2aa847"
"deliverables/final_experiment_pack/visualizations/UNet_BiGlobal/UNet_BiGlobal_irstd1k_XDU836_triplet.png","113815","94ae42a111a6fbb489e267e488a7a6da06f9658acc103160a5893f39872460d6"
"deliverables/final_experiment_pack/visualizations/UNet_BiGlobal/UNet_BiGlobal_irstd1k_XDU837_triplet.png","86142","3a6c844c84cf91428406bd2c6dd0cbe38f888aed16dce927e6752eac57315035"
"deliverables/final_experiment_pack/visualizations/UNet_BiGlobal/UNet_BiGlobal_irstd1k_XDU838_triplet.png","144623","11d737a4fe57746610ecea53745ad69a8e21f2d1f86c983dc37bea75e3276c4e"
"deliverables/final_experiment_pack/visualizations/UNet_BiGlobal/UNet_BiGlobal_irstd1k_XDU839_triplet.png","157206","58465efb2e3b17a675903e4117756a545a6f5b186d578d3ac93e322a929bbd7c"
"deliverables/final_experiment_pack/visualizations/UNet_BiGlobal/UNet_BiGlobal_irstd1k_XDU840_triplet.png","177862","94b77fd68aea4ab9ead93283ea62824a997f1a960ed9bbcfe98d33a0e0fc57a5"
"deliverables/final_experiment_pack/visualizations/UNet_BiGlobal/UNet_BiGlobal_irstd1k_XDU841_triplet.png","145436","1fcb0fa43009bd63fd2334ed02d83cee6d5471dafe115516258b82da91b38eeb"
"deliverables/final_experiment_pack/visualizations/UNet_BiGlobal/UNet_BiGlobal_irstd1k_XDU842_triplet.png","194102","0c7d2ca032a6f2f73b274115a7613fe3c6ccd4ab483105e42d79b7c21283abb3"
"deliverables/final_experiment_pack/visualizations/UNet_BiGlobal/UNet_BiGlobal_irstd1k_XDU843_triplet.png","116125","aea3406eeb7d6e8346613c41425e1a3d71a249b71a669d64dfa8143f14f5c6ee"
"deliverables/final_experiment_pack/visualizations/UNet_BiGlobal/UNet_BiGlobal_irstd1k_XDU844_triplet.png","189267","484f8d1a39ed7bd4e520dbf15112cbbe708915b64bbf02c6e5131c1a02236e76"
"deliverables/final_experiment_pack/visualizations/UNet_BiGlobal/UNet_BiGlobal_irstd1k_XDU845_triplet.png","137267","23971770c20635d6605140d3f0c8577fba6eb981d815a6573a9bd75710067c60"
"deliverables/final_experiment_pack/visualizations/UNet_BiGlobal/UNet_BiGlobal_irstd1k_XDU846_triplet.png","146680","aef6eaf21de6df705de134624dd4022eb05af0f0f471169c01980bfc2e268d24"
"deliverables/final_experiment_pack/visualizations/UNet_BiGlobal/UNet_BiGlobal_irstd1k_XDU847_triplet.png","67636","6f40b97301042e629466b7f5c7913c2df03b3099db2e655b3702422425e038bb"
"deliverables/final_experiment_pack/visualizations/UNet_BiGlobal/UNet_BiGlobal_irstd1k_XDU848_triplet.png","145554","b4f5ade98e6d6c56b39a481c957e267e54efb198ef3b2ca36f2a21af893cea63"
"deliverables/final_experiment_pack/visualizations/UNet_BiGlobal/UNet_BiGlobal_irstd1k_XDU849_triplet.png","140521","a87845f9f1a9d9a5fcfa5ed10bf5b1162d639e5205876e98a72b3a795b858d7b"
"deliverables/final_experiment_pack/visualizations/UNet_BiLocal/UNet_BiLocal_irstd1k_XDU1000_triplet.png","208687","04eeb1321d3e378a656546e98487a28a81eac122efc9bb725ef77e11c9da17d6"
"deliverables/final_experiment_pack/visualizations/UNet_BiLocal/UNet_BiLocal_irstd1k_XDU801_triplet.png","165957","3a5a42f9e28c94ba4a45a1a6179b3c821d7fd100e09c11eec07240fcff41b262"
"deliverables/final_experiment_pack/visualizations/UNet_BiLocal/UNet_BiLocal_irstd1k_XDU802_triplet.png","192691","7bf553fd91756aa01c1e23078c08955acaf1e737cb9e1191f971cdd55a3cd264"
"deliverables/final_experiment_pack/visualizations/UNet_BiLocal/UNet_BiLocal_irstd1k_XDU803_triplet.png","203908","90e45b201687da6a0055b93bd4667afce5d8c691d4fff46f92df322d038eb3ae"
"deliverables/final_experiment_pack/visualizations/UNet_BiLocal/UNet_BiLocal_irstd1k_XDU804_triplet.png","206723","c26f40481013fead0bb54a2af03025963faaced24234fc9d61c92d665711ffb4"
"deliverables/final_experiment_pack/visualizations/UNet_BiLocal/UNet_BiLocal_irstd1k_XDU805_triplet.png","108205","2b5c82b195a95287ebb2af431dd702368559db3c0045c7784d501f800faa3b20"
"deliverables/final_experiment_pack/visualizations/UNet_BiLocal/UNet_BiLocal_irstd1k_XDU806_triplet.png","27346","8c167f8c75416dbf2496089fb4b280cddf88f1b7fa5d2cc2f4f4dbb3d3684967"
"deliverables/final_experiment_pack/visualizations/UNet_BiLocal/UNet_BiLocal_irstd1k_XDU807_triplet.png","161598","86f29b560091f493ba8cff82a016f76e07c7e4298da55df4fb1e14fa94430faa"
"deliverables/final_experiment_pack/visualizations/UNet_BiLocal/UNet_BiLocal_irstd1k_XDU808_triplet.png","163194","ee7622d51eaaa0ede68e77b55a9e354f7decfa845d82cf3c9e96958bf1410172"
"deliverables/final_experiment_pack/visualizations/UNet_BiLocal/UNet_BiLocal_irstd1k_XDU809_triplet.png","145817","6e8698f3138339ca7f77fcaadde18c7b300bf7f41aa72c974f15d666e2780d0b"
"deliverables/final_experiment_pack/visualizations/UNet_BiLocal/UNet_BiLocal_irstd1k_XDU810_triplet.png","165244","d7365b4d0de682437bef5eb4de0017ea2f8d29a8ef5900fb3fef13eb553e62da"
"deliverables/final_experiment_pack/visualizations/UNet_BiLocal/UNet_BiLocal_irstd1k_XDU811_triplet.png","136167","c306caa0502a11db11a9068d53084e722396f5b6f6c60acd9775ba8eeffeb12b"
"deliverables/final_experiment_pack/visualizations/UNet_BiLocal/UNet_BiLocal_irstd1k_XDU812_triplet.png","21365","35b7771a46be6dd2c33b34026af1b31e13354c35cb441199d3b8c89b6d558eea"
"deliverables/final_experiment_pack/visualizations/UNet_BiLocal/UNet_BiLocal_irstd1k_XDU813_triplet.png","163215","252a33f4b07d450d36bab5f93b6ad49fd1da1244ad5073daffd78958d669a0ac"
"deliverables/final_experiment_pack/visualizations/UNet_BiLocal/UNet_BiLocal_irstd1k_XDU814_triplet.png","197192","14672509d62f94e62e5fa4f9f7608e78a13347cb5fbde8d0ff64eeb3a1e610b0"
"deliverables/final_experiment_pack/visualizations/UNet_BiLocal/UNet_BiLocal_irstd1k_XDU815_triplet.png","72505","e9515a298ee389bab56ba37b081a78e6846f7aacdc980ad39f2229d067b33758"
"deliverables/final_experiment_pack/visualizations/UNet_BiLocal/UNet_BiLocal_irstd1k_XDU816_triplet.png","112811","017759054093e53c068cf95cf86bd280ca9477b2f1c759a0540702008bbe5796"
"deliverables/final_experiment_pack/visualizations/UNet_BiLocal/UNet_BiLocal_irstd1k_XDU817_triplet.png","164240","05f9faeb6f7af87dfdde176c3e9e056695ad3bc426adeb0655d001f8b1a787ce"
"deliverables/final_experiment_pack/visualizations/UNet_BiLocal/UNet_BiLocal_irstd1k_XDU818_triplet.png","110297","ad2a5db227f8a69d77b5508323c59c220eef66f7a837c6a7899cfe41a5e8e6c9"
"deliverables/final_experiment_pack/visualizations/UNet_BiLocal/UNet_BiLocal_irstd1k_XDU819_triplet.png","68068","f04294fbfb6bacfddee2238ebaccd56bb0befd56740988da3f38e5284eb2d6a5"
"deliverables/final_experiment_pack/visualizations/UNet_BiLocal/UNet_BiLocal_irstd1k_XDU820_triplet.png","166037","b784e3912749f0746c97cbf39debeb10e36e7ffbf9937110fe0f494dfa81ec96"
"deliverables/final_experiment_pack/visualizations/UNet_BiLocal/UNet_BiLocal_irstd1k_XDU821_triplet.png","140502","cafb341fa053349f8e54a87fc7a2592941111c503962ffc6f74ead5f809a49eb"
"deliverables/final_experiment_pack/visualizations/UNet_BiLocal/UNet_BiLocal_irstd1k_XDU822_triplet.png","233272","787706e04d5366975ab03f4c4848b7173f1cb3b3469b2639fb47085049012ac0"
"deliverables/final_experiment_pack/visualizations/UNet_BiLocal/UNet_BiLocal_irstd1k_XDU823_triplet.png","186422","0c7a9c3894633c709810634a2edfb64f41c18ee553ab8e175a9819870f9672e3"
"deliverables/final_experiment_pack/visualizations/UNet_BiLocal/UNet_BiLocal_irstd1k_XDU824_triplet.png","193647","f76383491a54d0cf868e3d1cf873c6111af8b73d1e305fb96263cd29aa7defe4"
"deliverables/final_experiment_pack/visualizations/UNet_BiLocal/UNet_BiLocal_irstd1k_XDU825_triplet.png","128386","b3dab06e4de3eaa5c23448b9b24bfba218f7c82bb08c7a33b8f573fb1a80a5af"
"deliverables/final_experiment_pack/visualizations/UNet_BiLocal/UNet_BiLocal_irstd1k_XDU826_triplet.png","141585","587f81a670352ca573022b72014fe30f246ed88d2a41af73ef5611f2d6c7afcc"
"deliverables/final_experiment_pack/visualizations/UNet_BiLocal/UNet_BiLocal_irstd1k_XDU827_triplet.png","172328","3637dcf5d28bd5fda0a987914aea7155fcbf431780f872783deecfdd95d7cb99"
"deliverables/final_experiment_pack/visualizations/UNet_BiLocal/UNet_BiLocal_irstd1k_XDU828_triplet.png","84789","d2e907dd42ebb5af8a118ed1a017fdcf9e1925026e01898e4883b51ca92853b9"
"deliverables/final_experiment_pack/visualizations/UNet_BiLocal/UNet_BiLocal_irstd1k_XDU829_triplet.png","178364","7ecaa7d5ad4421edf55953fe8ec2c3ee7f2a9dc02d5efd986072430bbeac394a"
"deliverables/final_experiment_pack/visualizations/UNet_BiLocal/UNet_BiLocal_irstd1k_XDU830_triplet.png","153462","a0393f1a9d56eb7f4282f15b4a45d22f77c5290eb1656434b8f69e94f3a50d8f"
"deliverables/final_experiment_pack/visualizations/UNet_BiLocal/UNet_BiLocal_irstd1k_XDU831_triplet.png","128680","24878b5c2ba16b22a36a5b738382d19e08cebeebcea75bc8cc7322f44a066b26"
"deliverables/final_experiment_pack/visualizations/UNet_BiLocal/UNet_BiLocal_irstd1k_XDU832_triplet.png","94569","c1ff37d37195599ffdb1acc896395ca7091e2f860306510da0a60bf454b2525c"
"deliverables/final_experiment_pack/visualizations/UNet_BiLocal/UNet_BiLocal_irstd1k_XDU833_triplet.png","187022","44cd607c0673411008a4ce4a728362c340fa2ff1cda17a12c3288b528e0311d8"
"deliverables/final_experiment_pack/visualizations/UNet_BiLocal/UNet_BiLocal_irstd1k_XDU834_triplet.png","96703","3077d8d499bd51b05544bbdd4b29aa8172a7dce2ceb8b4f02e37ef0f01522fdb"
"deliverables/final_experiment_pack/visualizations/UNet_BiLocal/UNet_BiLocal_irstd1k_XDU835_triplet.png","117791","77b7e8baa382c88ea4297790eee7424d5510c87c8053f520a269536899440a28"
"deliverables/final_experiment_pack/visualizations/UNet_BiLocal/UNet_BiLocal_irstd1k_XDU836_triplet.png","113778","ba12b1cbb5afb92997041408e52af914d01dbb0103edfdd606f1a5ce32884cff"
"deliverables/final_experiment_pack/visualizations/UNet_BiLocal/UNet_BiLocal_irstd1k_XDU837_triplet.png","85879","4eefdc2955b17eae0b449e26e2d7edcb47a8cd4dc2f0f09560b57723e15bc599"
"deliverables/final_experiment_pack/visualizations/UNet_BiLocal/UNet_BiLocal_irstd1k_XDU838_triplet.png","144823","0e926edd14ce6787ad040a29aed5fe3e1e5c62879a04f2368bdc58b7c10fc902"
"deliverables/final_experiment_pack/visualizations/UNet_BiLocal/UNet_BiLocal_irstd1k_XDU839_triplet.png","157586","0aeccf92fc514b9703bf7ef95c6f5f85a08b5aa18893e0c3ea946c19edcef5a3"
"deliverables/final_experiment_pack/visualizations/UNet_BiLocal/UNet_BiLocal_irstd1k_XDU840_triplet.png","177711","fdd203e616fb750fa2d74947c8ad55c99feebf5d53cf5ebc0291687448ecc3da"
"deliverables/final_experiment_pack/visualizations/UNet_BiLocal/UNet_BiLocal_irstd1k_XDU841_triplet.png","145354","7361ec8d712ee6ad138f2d33ab56107aea6cf8bca9dcd203ae7c1c1de992ad42"
"deliverables/final_experiment_pack/visualizations/UNet_BiLocal/UNet_BiLocal_irstd1k_XDU842_triplet.png","193969","a3915892717f7878f6604c361afdb0efcfcbdb05b7c1194ba3938f9fbda0d675"
"deliverables/final_experiment_pack/visualizations/UNet_BiLocal/UNet_BiLocal_irstd1k_XDU843_triplet.png","111220","b130f8e10aa4256d47ba48c6ba07e8947dc28bda67e39eb7c0037d35409886f1"
"deliverables/final_experiment_pack/visualizations/UNet_BiLocal/UNet_BiLocal_irstd1k_XDU844_triplet.png","189720","5c22b79a1be252542508ca7c26ef6fde51730729eb0d13dce3e36989209ff4b3"
"deliverables/final_experiment_pack/visualizations/UNet_BiLocal/UNet_BiLocal_irstd1k_XDU845_triplet.png","137458","1beb888ed05d6355ea90cc708d3fbc14edbf8870d66b5e0b9ec07cdd409c2710"
"deliverables/final_experiment_pack/visualizations/UNet_BiLocal/UNet_BiLocal_irstd1k_XDU846_triplet.png","146613","62e241cbe3ffb60deead7227aaa61db06511c808ef8a4c3e3f6dcc4d4a82a548"
"deliverables/final_experiment_pack/visualizations/UNet_BiLocal/UNet_BiLocal_irstd1k_XDU847_triplet.png","67624","8a4f341785603d38de03714aa90decbb9d9b7b7424d8b5575e3b550c0c4def10"
"deliverables/final_experiment_pack/visualizations/UNet_BiLocal/UNet_BiLocal_irstd1k_XDU848_triplet.png","145089","65fbd0d9611a4881d1ce69b2dd78ae35fd778cfc6a5400e453dc6b3cf4094762"
"deliverables/final_experiment_pack/visualizations/UNet_BiLocal/UNet_BiLocal_irstd1k_XDU849_triplet.png","140549","f20a5c75d82e12045bc20d25f1e728a82c05a7807078a36a90947886a9d88b7c"
"experiments/background_runs/person2/check_person2_status.ps1","2121","b3b89f6acd983f958f1c0d9f10921812d231fa4f857925580ebd2345c1b57f50"
"experiments/background_runs/person2/person2_full_train_command.txt","140","d311db057ea5d4a536d8e2b4d169e916fcee57b9ecd7163ef0626da273237420"
"experiments/background_runs/person2/person2_full_train_stderr.log","4525945","31553daff0bbce3e1961c96b93d1748b91a5ba3101a925d052d0ab21f335381f"
"experiments/background_runs/person2/person2_full_train_stdout.log","2047","3e2edd129c03bde7862a356bc653c2dbf0b330e3e6b73f3c398cb9ea2e50ccb8"
"experiments/background_runs/person2/person2_pid.txt","7","bf1b646881e1b1ed02c13f72e24d8c53abab42ccb1bd6373b0b5ab5099f2e154"
"experiments/background_runs/person2/person2_process_info.txt","2728","b8fff3873cfa4ed79350d3b78f9aae97854de6b97f407413a28d48d41b453c4c"
"experiments/final_test_outputs/person1/FPN_AsymBi/config_used.txt","447","fd4cef7af18472d76e96e6ea47f4f6903751ce96f2a8ac39d1ed2b69dc6ff425"
"experiments/final_test_outputs/person1/FPN_AsymBi/metrics.csv","324","2e80a85aff65c379dddb4f9903089ae7451c70037b8962b97677feb332d6b807"
"experiments/final_test_outputs/person1/FPN_AsymBi/metrics.json","414","ee300cd00dc33cb6a6c525642b7315767e818f738a664fe045aba8dbf91bc061"
"experiments/final_test_outputs/person1/FPN_AsymBi/metrics_pd_fa.csv","421","5aacc154ebe61e88cff4e8e0ccb88bf8aae003025acdec7467f4e4055df25362"
"experiments/final_test_outputs/person1/FPN_AsymBi/metrics_pd_fa.json","534","98de80116687f3759e0919d1bd0172e41d50c5f5d2f511b305d6281d4e28aaa1"
"experiments/final_test_outputs/person1/FPN_AsymBi/test_log.txt","12814","ed64048f6c61f0b45b72bc2b0fef9d39c4f4f45e6eba007e73f93218959792db"
"experiments/final_test_outputs/person1/FPN_BiLocal/config_used.txt","449","bd1ad10c907596013ac95707583745e36b43a813c87b0807bf02a126c0a8c8d0"
"experiments/final_test_outputs/person1/FPN_BiLocal/metrics.csv","325","ee6ec128e5c3bbcab6dafaae4f6537c2359302a41f42dc42f6978a5a81f2fedc"
"experiments/final_test_outputs/person1/FPN_BiLocal/metrics.json","415","000e1d1c6bcab261cbd12fd64d4c61d9a2606a8b835824f0bfce73bbbc1073b6"
"experiments/final_test_outputs/person1/FPN_BiLocal/metrics_pd_fa.csv","419","7d713f19dd61bdf97c0285a09e68b9ef9d05d114fcd42cd23cb712eea1759034"
"experiments/final_test_outputs/person1/FPN_BiLocal/metrics_pd_fa.json","532","7e51267c97aa5b9f56389e133fc9699d70755c14255043ab58181b00c2cedba7"
"experiments/final_test_outputs/person1/FPN_BiLocal/smoke_test_log.txt","2266","a2de1ee97ad43b5058da2d8a72066498da2750257591087b52cdb48e71081f16"
"experiments/final_test_outputs/person1/FPN_BiLocal/test_log.txt","12986","a46ea8ae09ca98780074cce8549ce951600dceb97e1a28b334b7e8a8385599c0"
"experiments/final_test_outputs/person2/FPN_BiGlobal_selected/config_used.txt","451","a60c7339c696f423444483351706dfc6bdda17fc0b5a01920f9cffb3f67de304"
"experiments/final_test_outputs/person2/FPN_BiGlobal_selected/metrics.csv","328","c43091339da81bccd06494f8ccfc7fdd17a63700b14de7671244d553cbe91b6a"
"experiments/final_test_outputs/person2/FPN_BiGlobal_selected/metrics.json","418","48a1151bf75e1c37d0f9168d9c747481e355cee0ebaf5e6021af8b6ca10e7ae0"
"experiments/final_test_outputs/person2/FPN_BiGlobal_selected/metrics_pd_fa.csv","425","90621b225d9d663586d3d3c57c186561d59fa6290002efe77dda2c3b068a3387"
"experiments/final_test_outputs/person2/FPN_BiGlobal_selected/metrics_pd_fa.json","538","794538aa0cb26386a838b7ce49069ec2104b7bf487f71db5bec94a887aab58f9"
"experiments/final_test_outputs/person2/FPN_BiGlobal_selected/test_log.txt","13216","fd05e9990aeb5ce9646188df7d8b2cdecf74296c78000d3a88434c06d8fd83c1"
"experiments/final_test_outputs/person2/FPN_BiGlobal_selected_smoke/config_used.txt","451","f143459401a08fe2c728c6a9ced72d36f20fb5d268b9a824da9e3b1083aea845"
"experiments/final_test_outputs/person2/FPN_BiGlobal_selected_smoke/metrics.csv","327","d7e854b26819e04f83998829cfaed8ef4e1c422faf1d1de37fa4f75de4cd897d"
"experiments/final_test_outputs/person2/FPN_BiGlobal_selected_smoke/metrics.json","417","37dc4cb1e500f8d6cfa7de3feb111cc08e88219f6a56638664c8ee682bdeb96d"
"experiments/final_test_outputs/person2/UNet_BiLocal_selected/config_used.txt","451","613a8d9943aef7c91cd613146114deaa58395ec3f075e78b68787cfcfa3cb4f6"
"experiments/final_test_outputs/person2/UNet_BiLocal_selected/metrics.csv","328","7d2ac9a7e5a7a04af5914fb7cd44660113e3915a9a10886163c0e50097863bc0"
"experiments/final_test_outputs/person2/UNet_BiLocal_selected/metrics.json","418","6eca57f03a6415890360a42eeb811aae96b8ec6c3d442b8c21a8d57b4ff4963f"
"experiments/final_test_outputs/person2/UNet_BiLocal_selected/metrics_pd_fa.csv","425","9c5c22f7797ea28d465e1c42e914f1e89eac8b8c4cb1bb25c4a49b3f0ea5ecc5"
"experiments/final_test_outputs/person2/UNet_BiLocal_selected/metrics_pd_fa.json","538","b8bfa788d1f5ccbda9997f877d364bb62ff0eea5d742f8c93829af3f6e73fdc8"
"experiments/final_test_outputs/person2/UNet_BiLocal_selected/test_log.txt","13216","289f6675d50f3fca01ba603d7f9f1b08d9ca628ab13098687d2df889cf04bd78"
"experiments/final_test_outputs/person3/UNet_AsymBi_pkl/config_used.txt","438","974c0111b875b048c585ad8c3e820c6c401419fb33682b9282c8aaca51a8a650"
"experiments/final_test_outputs/person3/UNet_AsymBi_pkl/metrics.csv","313","3018bb1a1d308c2e1ee9913c102994e76375d320146f4a9454257dd4d067cce8"
"experiments/final_test_outputs/person3/UNet_AsymBi_pkl/metrics.json","402","d7978bec353a1fff5531243b26e0c0e15ec81ca45a892dd1c30c69a7072279a6"
"experiments/final_test_outputs/person3/UNet_AsymBi_selected/config_used.txt","411","b099fb61c489218948a9558e86d926ad80c845b96b4e244087737261ec281f21"
"experiments/final_test_outputs/person3/UNet_AsymBi_selected/metrics.csv","287","39755e9c100e79006d5b3b74575d1442662a91b579a132974b665787f2dfd573"
"experiments/final_test_outputs/person3/UNet_AsymBi_selected/metrics.json","376","fcdecd4cf5e1eaa512f03a906cac1d0e6f68a87f1d35fb4c1c7483cd675d764c"
"experiments/final_test_outputs/person3/UNet_AsymBi_selected/metrics_pd_fa.csv","384","8fdea8486dd39d893685c5f462fb0f46c2d151dd7fcdbdd4b5ef28b5045f1eb6"
"experiments/final_test_outputs/person3/UNet_AsymBi_selected/metrics_pd_fa.json","496","0cd4eb8009fae4c8f4a2366ca71992fcf6348142d06c410032c99674533fb469"
"experiments/final_test_outputs/person3/UNet_AsymBi_selected/test_log.txt","12962","8f75d80fa18e582d6c4210831d94068474febc55a6d5931a1bc9f66a711aa2e0"
"experiments/final_test_outputs/person4/UNet_BiGlobal_selected/config_used.txt","421","df79328d3f0d87207ffbd2657ebb8b332dd5cb277008c5825d353cae0e77df48"
"experiments/final_test_outputs/person4/UNet_BiGlobal_selected/metrics.csv","296","a6c733b35046807be5f9147ba49f3efbe092287cb8ca3dc416f33717cd750033"
"experiments/final_test_outputs/person4/UNet_BiGlobal_selected/metrics.json","384","02c31c236677f2e99d732bef9269c3ab4c91403900600a0959fea85b8e236648"
"experiments/final_test_outputs/person4/UNet_BiGlobal_selected/metrics_pd_fa.csv","391","7f3a1e89c1ea19204beb2ece2c5ff3de6dd73b30d1f427df00671399bb654886"
"experiments/final_test_outputs/person4/UNet_BiGlobal_selected/metrics_pd_fa.json","502","178f052fe5143967a39fa58f239f50e1819d3fa9e06fa721074f2b4beafd296d"
"experiments/final_test_outputs/person4/UNet_BiGlobal_selected/test_log.txt","13318","aa2d635d6a377bfa14e0e7eb423283f3cb060d688dc76a999300187b27546cb0"
"experiments/training_runs/2026-07-10-01-00-57_FPN_BiLocal/events.out.tfevents.1783616457.LAPTOP-MVO19NR2","419","c55e10c8c1a51f4e5fe455ddecbb3469f5e88eb15449124f1c4311e0d70ef867"
"experiments/training_runs/2026-07-10-01-27-29_FPN_BiLocal/checkpoint/Epoch-  1_IoU-0.0699_nIoU-0.1234.pkl","1654012","8c5cdfdae59ec11200844bb0a16aec9195ff830ee1dca1d92a51b5e98c4a227c"
"experiments/training_runs/2026-07-10-01-27-29_FPN_BiLocal/events.out.tfevents.1783618049.LAPTOP-MVO19NR2","659","267e3da69c5916545477d6eb01d7f6025cc828dfc3512c0bf46d5cbc2271f1ad"
"experiments/training_runs/2026-07-10-01-30-43_FPN_AsymBi/checkpoint/Epoch-  1_IoU-0.0111_nIoU-0.0161.pkl","1654076","fb004b1cc41d55fd1e98abca4b418d315606691ab4349eeb46f3365a6d86c02c"
"experiments/training_runs/2026-07-10-01-30-43_FPN_AsymBi/events.out.tfevents.1783618243.LAPTOP-MVO19NR2","657","bf55da75664e08f33f88b47ba0e0dcf2cc20b961a95aabb3d0859e50c26a4192"
"experiments/training_runs/2026-07-10-01-38-03_FPN_BiLocal/checkpoint/Epoch-  1_IoU-0.0023_nIoU-0.0258.pkl","1654012","904dba7c926e1910ee47f80effb9eb22ce4cf5b3fddb70967b49b68fb3345092"
"experiments/training_runs/2026-07-10-01-38-03_FPN_BiLocal/checkpoint/Epoch-  2_IoU-0.0031_nIoU-0.0160.pkl","1654012","23bee0ca4018bd31af66be5dd56c769677c2584fee98f44b927301ec7fcd8778"
"experiments/training_runs/2026-07-10-01-38-03_FPN_BiLocal/checkpoint/Epoch-  3_IoU-0.0654_nIoU-0.0922.pkl","1654012","09122032b63fbad2377c5981609a169625dc0d511f81c14da47c9dec5a63ee86"
"experiments/training_runs/2026-07-10-01-38-03_FPN_BiLocal/checkpoint/Epoch-  6_IoU-0.0623_nIoU-0.0944.pkl","1654012","23dc18302d231db1767b6d2768a01d4a465f8033d4f9618be51a669134e5cf59"
"experiments/training_runs/2026-07-10-01-38-03_FPN_BiLocal/checkpoint/Epoch-  7_IoU-0.0901_nIoU-0.1204.pkl","1654012","aa4f044febefca88e3d9100fd171e475dc0dfe1f8f06c5b32e2948e404ffa798"
"experiments/training_runs/2026-07-10-01-38-03_FPN_BiLocal/checkpoint/Epoch-  9_IoU-0.1085_nIoU-0.1527.pkl","1654012","54a042e5193c59a3ac76937a970ed8f87af22cbd02a534499f20c16efe748786"
"experiments/training_runs/2026-07-10-01-38-03_FPN_BiLocal/checkpoint/Epoch- 11_IoU-0.1578_nIoU-0.1748.pkl","1654012","1516bd9077f4f9b3b1db75d8b40a5ca2d3a27e22ed2a2200d3339875f3d29c88"
"experiments/training_runs/2026-07-10-01-38-03_FPN_BiLocal/checkpoint/Epoch- 16_IoU-0.1318_nIoU-0.1873.pkl","1654012","3c4b05fb3923ff1bd34087fc27eb0752012fe1818f7a103c57d33bd726a67688"
"experiments/training_runs/2026-07-10-01-38-03_FPN_BiLocal/checkpoint/Epoch- 17_IoU-0.1805_nIoU-0.1862.pkl","1654012","4336d920394b07f36fc9f5ce00bdba54fbc5272247019e57fd3d1d18b799d9ea"
"experiments/training_runs/2026-07-10-01-38-03_FPN_BiLocal/checkpoint/Epoch- 18_IoU-0.1160_nIoU-0.1948.pkl","1654012","037542da6a92ce7de454d3c6b2f6abcf622f780e9d552db59d739855754bc6d0"
"experiments/training_runs/2026-07-10-01-38-03_FPN_BiLocal/checkpoint/Epoch- 19_IoU-0.1251_nIoU-0.2000.pkl","1654012","3bb1fd7db4c33c15f8b8cba002864628716337f5a39ad9f9e916f8720d3640f8"
"experiments/training_runs/2026-07-10-01-38-03_FPN_BiLocal/checkpoint/Epoch- 20_IoU-0.1627_nIoU-0.2176.pkl","1654012","1838779f6dddb9957623375a3c3d9302f7e4a154a5e468de06c25ab2c4d89f7d"
"experiments/training_runs/2026-07-10-01-38-03_FPN_BiLocal/checkpoint/Epoch- 22_IoU-0.1527_nIoU-0.2384.pkl","1654012","d6ab4253fa3ee0065bb311edf2312addd00a24e981884443a82c8729e30d2445"
"experiments/training_runs/2026-07-10-01-38-03_FPN_BiLocal/checkpoint/Epoch- 24_IoU-0.1833_nIoU-0.2397.pkl","1654012","9c8be31cf76c9846339ab80eada4910c624355787617883883ba08c5a7045b24"
"experiments/training_runs/2026-07-10-01-38-03_FPN_BiLocal/checkpoint/Epoch- 26_IoU-0.2138_nIoU-0.2447.pkl","1654012","b67b4caddb8e00e71e854596f0efe34ce79ce9c04c8b862cf2a84d45573e8612"
"experiments/training_runs/2026-07-10-01-38-03_FPN_BiLocal/checkpoint/Epoch- 27_IoU-0.1869_nIoU-0.2557.pkl","1654012","00ce5d7979582449e544b0c8eedcfbed82ff37cafbf99218129c03054ae9ed8b"
"experiments/training_runs/2026-07-10-01-38-03_FPN_BiLocal/checkpoint/Epoch- 28_IoU-0.1718_nIoU-0.2581.pkl","1654012","d3838c487e9d7e866f742aab81f6cd7f7ecd222433e9d974da1318ce7963867c"
"experiments/training_runs/2026-07-10-01-38-03_FPN_BiLocal/checkpoint/Epoch- 29_IoU-0.2664_nIoU-0.3093.pkl","1654012","dab4b9b480aa355f244ecbb8c93e78da036b2eaad49f76be668e845f823ffc7c"
"experiments/training_runs/2026-07-10-01-38-03_FPN_BiLocal/events.out.tfevents.1783618683.LAPTOP-MVO19NR2","10723","8132bc0ae365899af971d8fa5045daba280ec13bd6dfa772c92e8318790221c1"
"experiments/training_runs/2026-07-10-02-30-15_FPN_AsymBi/checkpoint/Epoch-  1_IoU-0.0645_nIoU-0.1015.pkl","1654076","a4564261e0c18686a69cea1d7ce0e785a28d19d55e020f8d1e991644471c88f0"
"experiments/training_runs/2026-07-10-02-30-15_FPN_AsymBi/checkpoint/Epoch-  2_IoU-0.0861_nIoU-0.1022.pkl","1654076","d677378c37b1863c517aede08d1b6dd4e16eab9f2348474664d8f9ed4b818494"
"experiments/training_runs/2026-07-10-02-30-15_FPN_AsymBi/checkpoint/Epoch-  3_IoU-0.0799_nIoU-0.1041.pkl","1654076","2890765f4c0b778467fd3b65457d599c5e6b10a3f991519fa1cb3895ea5e104a"
"experiments/training_runs/2026-07-10-02-30-15_FPN_AsymBi/checkpoint/Epoch-  5_IoU-0.0613_nIoU-0.1287.pkl","1654076","7184e24e5a66a708dde34bc0643495e1eb05733af43600f19da3b5b34e45aba2"
"experiments/training_runs/2026-07-10-02-30-15_FPN_AsymBi/checkpoint/Epoch-  6_IoU-0.0902_nIoU-0.1414.pkl","1654076","f1dc30674fda480ab720e5a36c77ae02b48ed7e46600f0a36e3b4ebb1bf858dd"
"experiments/training_runs/2026-07-10-02-30-15_FPN_AsymBi/checkpoint/Epoch-  7_IoU-0.0864_nIoU-0.1856.pkl","1654076","1c50770afe37b25ee670b0d5d7a21086fc92839e00fb45481a33af7daf94c42d"
"experiments/training_runs/2026-07-10-02-30-15_FPN_AsymBi/checkpoint/Epoch-  8_IoU-0.2131_nIoU-0.2829.pkl","1654076","be3aaeaf29c7f4bf242d6ce4ae242b4312d6da256b468a7dc5e4de5ce90d8141"
"experiments/training_runs/2026-07-10-02-30-15_FPN_AsymBi/checkpoint/Epoch- 12_IoU-0.2413_nIoU-0.3421.pkl","1654076","05745241fb4d811c13168cf8fbbbafa3e8366ab6efca58d81e92541c8b14c7b6"
"experiments/training_runs/2026-07-10-02-30-15_FPN_AsymBi/checkpoint/Epoch- 14_IoU-0.1903_nIoU-0.3686.pkl","1654076","552af0f17da3cfab6ec5ea35934799fda27bf3c18468fbdfdfb5b2f07f125500"
"experiments/training_runs/2026-07-10-02-30-15_FPN_AsymBi/checkpoint/Epoch- 15_IoU-0.2932_nIoU-0.4208.pkl","1654076","2c272302f3d930abc432c76f8c91d9ac34f40f13ad686970fba8806579d940e4"
"experiments/training_runs/2026-07-10-02-30-15_FPN_AsymBi/checkpoint/Epoch- 16_IoU-0.3360_nIoU-0.4363.pkl","1654076","5741c8c403db5491cd726cf9b6a36e56854f62533238dab450481f9873751d02"
"experiments/training_runs/2026-07-10-02-30-15_FPN_AsymBi/checkpoint/Epoch- 22_IoU-0.3752_nIoU-0.4941.pkl","1654076","13c61b0f6b1821298fd0cbe256a3d017ac204b9c791fe578371054336a508f89"
"experiments/training_runs/2026-07-10-02-30-15_FPN_AsymBi/checkpoint/Epoch- 26_IoU-0.4059_nIoU-0.4856.pkl","1654076","3d76371a60e8efd4daa9cf58663373d959a77bb42f2750f60a5e0afdd4b9c175"
"experiments/training_runs/2026-07-10-02-30-15_FPN_AsymBi/events.out.tfevents.1783621815.LAPTOP-MVO19NR2","10721","f07b9f264cbcb56428e190a4e5be2f0933e94530aacf452e311e50ca0d10d1a6"
"experiments/training_runs/2026-07-10-11-33-31_FPN_BiGlobal/checkpoint/Epoch-  1_IoU-0.0316_nIoU-0.0507.pkl","1654140","7cd54bb3cbdc984c5bce225dc2e8f48b6fbbee9d5ad718549d1b9c8d32a88263"
"experiments/training_runs/2026-07-10-11-33-31_FPN_BiGlobal/events.out.tfevents.1783654411.LAPTOP-MVO19NR2","661","4aeb6bfbed4b8c6367dc52d88bc447a44a40bb583ddf74ff60bf55523f57f71e"
"experiments/training_runs/2026-07-10-11-35-18_UNet_BiLocal/checkpoint/Epoch-  1_IoU-0.0243_nIoU-0.0418.pkl","2224120","6b80a0e8c6aa87cdc218a23d394655809ef88dfae5cad9a877e5e2299d02c8da"
"experiments/training_runs/2026-07-10-11-35-18_UNet_BiLocal/events.out.tfevents.1783654518.LAPTOP-MVO19NR2","661","8647554c57a947a8b23a347c25f29705d27da843bf49532b27bc669255499389"
"experiments/training_runs/2026-07-10-11-40-36_FPN_BiGlobal/checkpoint/Epoch-  1_IoU-0.0339_nIoU-0.0573.pkl","1654140","8b3d8f1856af0d922ab3559de57879ca56ec7a465490d431268ec2ba01c4f0f1"
"experiments/training_runs/2026-07-10-11-40-36_FPN_BiGlobal/checkpoint/Epoch-  2_IoU-0.0390_nIoU-0.0742.pkl","1654140","a5fa0906f2fd380de95805d80ed9fa1fdd766506162507ef6c8fa165c313e194"
"experiments/training_runs/2026-07-10-11-40-36_FPN_BiGlobal/checkpoint/Epoch-  3_IoU-0.0566_nIoU-0.0844.pkl","1654140","f37f65d546e1f8237e566d5dc95d43956baeef30e2ff0cfb4f0d19aa8476982d"
"experiments/training_runs/2026-07-10-11-40-36_FPN_BiGlobal/checkpoint/Epoch-  6_IoU-0.0748_nIoU-0.1136.pkl","1654140","2d8fbe7b51060eb6f47bc6373db704d677fbdc874104a0df0bbe0d2aeaa58607"
"experiments/training_runs/2026-07-10-11-40-36_FPN_BiGlobal/checkpoint/Epoch-  7_IoU-0.1084_nIoU-0.1579.pkl","1654140","0b3e519afc837ea71dcd4e2fbd7e5935d09ec59765cad4a8f3a57ee76c50b955"
"experiments/training_runs/2026-07-10-11-40-36_FPN_BiGlobal/checkpoint/Epoch-  8_IoU-0.1521_nIoU-0.1697.pkl","1654140","179b8cd92b459c796f90a282bde82b932a7620a949f395c05b2e5ee830c6e90a"
"experiments/training_runs/2026-07-10-11-40-36_FPN_BiGlobal/checkpoint/Epoch-  9_IoU-0.1684_nIoU-0.1923.pkl","1654140","16ad00f51c913ecc74017620b5621519edcd57e27edf760dc23a6b7ad3be3730"
"experiments/training_runs/2026-07-10-11-40-36_FPN_BiGlobal/checkpoint/Epoch- 10_IoU-0.2646_nIoU-0.2771.pkl","1654140","5b35435447f0c4852affc477846a1c5f7427610f82ab35cf0c21ad4508eff77f"
"experiments/training_runs/2026-07-10-11-40-36_FPN_BiGlobal/checkpoint/Epoch- 13_IoU-0.2893_nIoU-0.2987.pkl","1654140","f3e54cbe5f0ad0935c4af65577e419b6ac886407bcc8bae539952868de0e9cef"
"experiments/training_runs/2026-07-10-11-40-36_FPN_BiGlobal/checkpoint/Epoch- 14_IoU-0.2559_nIoU-0.3111.pkl","1654140","c2e3454aa212386e78a4945e1df831775860097a0322df1d609a23f03f3af769"
"experiments/training_runs/2026-07-10-11-40-36_FPN_BiGlobal/checkpoint/Epoch- 17_IoU-0.2192_nIoU-0.3392.pkl","1654140","f2acebcf5d2ada660643b558c7b8416275e1918b49b226b4354c6db7d92475fc"
"experiments/training_runs/2026-07-10-11-40-36_FPN_BiGlobal/checkpoint/Epoch- 18_IoU-0.2404_nIoU-0.3423.pkl","1654140","ae13789d84ef698d6938174338f9cc17b2c50970fd437f2a537589bb1764e41c"
"experiments/training_runs/2026-07-10-11-40-36_FPN_BiGlobal/checkpoint/Epoch- 20_IoU-0.1337_nIoU-0.3495.pkl","1654140","d0e9732e53536f036b381bf5e6c76deed698136f42c67e525fd7cc2f1ec1d1f2"
"experiments/training_runs/2026-07-10-11-40-36_FPN_BiGlobal/checkpoint/Epoch- 21_IoU-0.1897_nIoU-0.3969.pkl","1654140","653335abf18e07c74855a8834d52bd5c3547c22e0c8c9a8b694235ba47738d67"
"experiments/training_runs/2026-07-10-11-40-36_FPN_BiGlobal/checkpoint/Epoch- 23_IoU-0.3055_nIoU-0.4018.pkl","1654140","f0f505a591e17f1d4a3b031e458927a9da07ba4930796960116be1863f10888c"
"experiments/training_runs/2026-07-10-11-40-36_FPN_BiGlobal/checkpoint/Epoch- 24_IoU-0.2931_nIoU-0.4027.pkl","1654140","01783fa863185a2bcb05658df5389454714e6e3ed7c0857326f96091795c51a3"
"experiments/training_runs/2026-07-10-11-40-36_FPN_BiGlobal/checkpoint/Epoch- 25_IoU-0.2879_nIoU-0.4040.pkl","1654140","601cc185758183a7d2aa4cdf8e5ca1c1aa42e3b12f4a204d701c8de1fea2bbdc"
"experiments/training_runs/2026-07-10-11-40-36_FPN_BiGlobal/checkpoint/Epoch- 26_IoU-0.3272_nIoU-0.4294.pkl","1654140","dfb40425b9175be110ae67c3643217b1c889d3fecf437aebb75533922c39615e"
"experiments/training_runs/2026-07-10-11-40-36_FPN_BiGlobal/checkpoint/Epoch- 28_IoU-0.3188_nIoU-0.4442.pkl","1654140","c159ff1585e07112af36079e9a12acb8cb131eeee7972be90f0e3e194c250571"
"experiments/training_runs/2026-07-10-11-40-36_FPN_BiGlobal/checkpoint/Epoch- 29_IoU-0.3661_nIoU-0.4457.pkl","1654140","07810f8eb1c70af8e2fe134f0676faa9485afbf5d53423fda9ec225895942bef"
"experiments/training_runs/2026-07-10-11-40-36_FPN_BiGlobal/events.out.tfevents.1783654836.LAPTOP-MVO19NR2","10725","b8dc7d77ca6ae62027b657b43b01785b8e36bc69cd68a4354d3e610c7d7745f2"
"experiments/training_runs/2026-07-10-12-58-28_UNet_BiLocal/checkpoint/Epoch-  1_IoU-0.0184_nIoU-0.0561.pkl","2224120","027f7fa0952f4c51f22ec1f5faea0807205a5dcf5d64559e03e8d8ee681b5bff"
"experiments/training_runs/2026-07-10-12-58-28_UNet_BiLocal/checkpoint/Epoch-  2_IoU-0.0243_nIoU-0.0746.pkl","2224120","2182510fd456210256d6bb9f4f8d95d83c44958c8d6c0fb2f7712fab4e431b32"
"experiments/training_runs/2026-07-10-12-58-28_UNet_BiLocal/checkpoint/Epoch-  3_IoU-0.0835_nIoU-0.1331.pkl","2224120","8e1c803611f853283494875da8a9dbe2d3c2fc6f44ac714dbcf28c4e849f9000"
"experiments/training_runs/2026-07-10-12-58-28_UNet_BiLocal/checkpoint/Epoch-  6_IoU-0.0845_nIoU-0.1371.pkl","2224120","584c1bbddea50554b48cac84e7b54432fe0d0a6571b736dbe59294aeec03be98"
"experiments/training_runs/2026-07-10-12-58-28_UNet_BiLocal/checkpoint/Epoch-  7_IoU-0.1364_nIoU-0.1904.pkl","2224120","f6feec6d5577726e2c7823b82e78dc0fe5638a7b84815ed5f5026366d21225b1"
"experiments/training_runs/2026-07-10-12-58-28_UNet_BiLocal/checkpoint/Epoch-  8_IoU-0.0804_nIoU-0.2033.pkl","2224120","600993e36fc8a95f869daee3e175c82524e9afe3d30913e3bbeb1eced750ce9d"
"experiments/training_runs/2026-07-10-12-58-28_UNet_BiLocal/checkpoint/Epoch- 11_IoU-0.1222_nIoU-0.2635.pkl","2224120","36b365c1cfbb63eeeff17a476d9f5a1f7128b64cbc34de1320f3cc85d6988957"
"experiments/training_runs/2026-07-10-12-58-28_UNet_BiLocal/checkpoint/Epoch- 13_IoU-0.1345_nIoU-0.2689.pkl","2224120","7e3901122674ea0538cd21c6eea23fdcc57a7ae3c531e7f2c7d387d21f087821"
"experiments/training_runs/2026-07-10-12-58-28_UNet_BiLocal/checkpoint/Epoch- 14_IoU-0.2081_nIoU-0.2966.pkl","2224120","f18fb1bac3ac715b60ea5ffe8733a2a3581f1ac281e69a3c82f3b4d8e977d792"
"experiments/training_runs/2026-07-10-12-58-28_UNet_BiLocal/checkpoint/Epoch- 16_IoU-0.1839_nIoU-0.3254.pkl","2224120","dd4a3333051dc6a86aa8b6d0247493a7fe27b1a44fdcfbca409ecfdd56e66de2"
"experiments/training_runs/2026-07-10-12-58-28_UNet_BiLocal/checkpoint/Epoch- 20_IoU-0.1977_nIoU-0.3342.pkl","2224120","c5b4167a275215ea68a81836fba716c4e29687d1bfa366db331ab4bc576efb15"
"experiments/training_runs/2026-07-10-12-58-28_UNet_BiLocal/checkpoint/Epoch- 21_IoU-0.2683_nIoU-0.3425.pkl","2224120","f87b30f14a2d4ae6cfdabcb7a0a796b26ca9f3f8ca6a6f1040cde51c02d91188"
"experiments/training_runs/2026-07-10-12-58-28_UNet_BiLocal/checkpoint/Epoch- 23_IoU-0.2383_nIoU-0.3504.pkl","2224120","db8c73b9609eeb50a962166f3c803f8496c13a138407ffe9cda8c25fb0f7d2ba"
"experiments/training_runs/2026-07-10-12-58-28_UNet_BiLocal/checkpoint/Epoch- 26_IoU-0.2775_nIoU-0.3341.pkl","2224120","42a9bf54e607ee7dbfdc9dcc43cbd3163012ddbd9cc39fb0a0642457998e09b0"
"experiments/training_runs/2026-07-10-12-58-28_UNet_BiLocal/checkpoint/Epoch- 27_IoU-0.2934_nIoU-0.3846.pkl","2224120","37425b62afd46c679661f799968ac028e8ff7470dacb7a0d3d2d6ad2ac567e66"
"experiments/training_runs/2026-07-10-12-58-28_UNet_BiLocal/checkpoint/Epoch- 28_IoU-0.3467_nIoU-0.3661.pkl","2224120","c23983971d236b586dbff6c962d0c9717f97b7b9c8c82f98dd7ce56a6c5de653"
"experiments/training_runs/2026-07-10-12-58-28_UNet_BiLocal/checkpoint/Epoch- 29_IoU-0.3568_nIoU-0.4141.pkl","2224120","cbb0973a0bf24fe7ab31a789d470d8f8c990daad2d983252505f53dde5101716"
"experiments/training_runs/2026-07-10-12-58-28_UNet_BiLocal/checkpoint/Epoch- 30_IoU-0.3773_nIoU-0.4348.pkl","2224120","a368da0c8c349c0372b082a37fc7e51ccd96fa83892778b194479b00278dedf4"
"experiments/training_runs/2026-07-10-12-58-28_UNet_BiLocal/events.out.tfevents.1783659508.LAPTOP-MVO19NR2","10725","0914693df5618ec5ba1db8d515761d0dff602c62835b30a332c5bb303f1aac03"
